mcode	city_ja	city_ja_kana	lat	lon
01100	札幌市	さっぽろし	43.062782	141.353599
01101	札幌市中央区	さっぽろしちゅうおうく	43.055085	141.341225
01102	札幌市北区	さっぽろしきたく	43.090836	141.340856
01103	札幌市東区	さっぽろしひがしく	43.076256	141.363572
01104	札幌市白石区	さっぽろししろいしく	43.047474	141.405406
01105	札幌市豊平区	さっぽろしとよひらく	43.031225	141.380079
01106	札幌市南区	さっぽろしみなみく	42.989631	141.353711
01107	札幌市西区	さっぽろしにしく	43.074467	141.300942
01108	札幌市厚別区	さっぽろしあつべつく	43.036358	141.47465
01109	札幌市手稲区	さっぽろしていねく	43.12196	141.245782
01110	札幌市清田区	さっぽろしきよたく	42.999588	141.44385
01202	函館市	はこだてし	41.768749	140.728924
01203	小樽市	おたるし	43.190323	140.994137
01204	旭川市	あさひかわし	43.770394	142.364483
01205	室蘭市	むろらんし	42.315239	140.974038
01206	釧路市	くしろし	42.984815	144.381292
01207	帯広市	おびひろし	42.923913	143.1961
01208	北見市	きたみし	43.803331	143.895186
01209	夕張市	ゆうばりし	43.056729	141.973991
01210	岩見沢市	いわみざわし	43.196208	141.775933
01211	網走市	あばしりし	44.020426	144.273112
01212	留萌市	るもいし	43.940976	141.637015
01213	苫小牧市	とまこまいし	42.634066	141.605539
01214	稚内市	わっかないし	45.415648	141.673096
01215	美唄市	びばいし	43.332851	141.853774
01216	芦別市	あしべつし	43.5181	142.189678
01217	江別市	えべつし	43.10377	141.536686
01218	赤平市	あかびらし	43.558396	142.044544
01219	紋別市	もんべつし	44.356393	143.3544
01220	士別市	しべつし	44.179023	142.400365
01221	名寄市	なよろし	44.355685	142.464231
01222	三笠市	みかさし	43.245524	141.875277
01223	根室市	ねむろし	43.330073	145.582796
01224	千歳市	ちとせし	42.820999	141.649632
01225	滝川市	たきかわし	43.557784	141.910348
01226	砂川市	すながわし	43.494715	141.903395
01227	歌志内市	うたしないし	43.521325	142.034557
01228	深川市	ふかがわし	43.72326	142.053541
01229	富良野市	ふらのし	43.342079	142.383189
01230	登別市	のぼりべつし	42.413282	141.106154
01231	恵庭市	えにわし	42.882592	141.577799
01233	伊達市	だてし	42.471887	140.864679
01234	北広島市	きたひろしまし	42.985705	141.563631
01235	石狩市	いしかりし	43.171365	141.315514
01236	北斗市	ほくとし	41.824576	140.654042
01303	当別町	とうべつちょう	43.22368	141.517078
01304	新篠津村	しんしのつむら	43.225585	141.649924
01331	松前町	まつまえちょう	41.430053	140.110412
01332	福島町	ふくしまちょう	41.483805	140.251332
01333	知内町	しりうちちょう	41.598067	140.419754
01334	木古内町	きこないちょう	41.678428	140.437532
01337	七飯町	ななえちょう	41.895711	140.694405
01343	鹿部町	しかべちょう	42.038545	140.815875
01345	森町	もりまち	42.104992	140.576446
01346	八雲町	やくもちょう	42.256007	140.265315
01347	長万部町	おしゃまんべちょう	42.513249	140.379905
01361	江差町	えさしちょう	41.869156	140.127463
01362	上ノ国町	かみのくにちょう	41.800959	140.121234
01363	厚沢部町	あっさぶちょう	41.920895	140.225475
01364	乙部町	おとべちょう	41.968562	140.135642
01367	奥尻町	おくしりちょう	42.172217	139.514139
01370	今金町	いまかねちょう	42.42942	140.009203
01371	せたな町	せたなちょう	42.416784	139.883685
01391	島牧村	しままきむら	42.700534	140.06148
01392	寿都町	すっつちょう	42.791531	140.228547
01393	黒松内町	くろまつないちょう	42.667859	140.307545
01394	蘭越町	らんこしちょう	42.809148	140.528348
01395	ニセコ町	にせこちょう	42.804882	140.687429
01396	真狩村	まっかりむら	42.76296	140.803772
01397	留寿都村	るすつむら	42.737354	140.875619
01398	喜茂別町	きもべつちょう	42.79527	140.934936
01399	京極町	きょうごくちょう	42.858219	140.883999
01400	倶知安町	くっちゃんちょう	42.901752	140.758881
01401	共和町	きょうわちょう	42.98047	140.611237
01402	岩内町	いわないちょう	42.979785	140.514736
01403	泊村	とまりむら	43.063455	140.498784
01404	神恵内村	かもえないむら	43.143816	140.430751
01405	積丹町	しゃこたんちょう	43.299367	140.59974
01406	古平町	ふるびらちょう	43.265349	140.638923
01407	仁木町	にきちょう	43.151675	140.766169
01408	余市町	よいちちょう	43.195343	140.783542
01409	赤井川村	あかいがわむら	43.08352	140.813622
01423	南幌町	なんぽろちょう	43.063805	141.650355
01424	奈井江町	ないえちょう	43.425353	141.882816
01425	上砂川町	かみすながわちょう	43.482601	141.98404
01427	由仁町	ゆにちょう	42.999686	141.790402
01428	長沼町	ながぬまちょう	43.010378	141.69514
01429	栗山町	くりやまちょう	43.056312	141.784136
01430	月形町	つきがたちょう	43.340181	141.674942
01431	浦臼町	うらうすちょう	43.430506	141.818873
01432	新十津川町	しんとつかわちょう	43.548681	141.876649
01433	妹背牛町	もせうしちょう	43.700343	141.96208
01434	秩父別町	ちっぷべつちょう	43.767008	141.957989
01436	雨竜町	うりゅうちょう	43.6439243	141.8868265
01437	北竜町	ほくりゅうちょう	43.731528	141.879422
01438	沼田町	ぬまたちょう	43.806805	141.933247
01452	鷹栖町	たかすちょう	43.843386	142.354368
01453	東神楽町	ひがしかぐらちょう	43.696304	142.451571
01454	当麻町	とうまちょう	43.828074	142.508488
01455	比布町	ぴっぷちょう	43.875092	142.477607
01456	愛別町	あいべつちょう	43.906018	142.577926
01457	上川町	かみかわちょう	43.8472	142.770434
01458	東川町	ひがしかわちょう	43.698877	142.510128
01459	美瑛町	びえいちょう	43.58822	142.467019
01460	上富良野町	かみふらのちょう	43.45565	142.467014
01461	中富良野町	なかふらのちょう	43.405807	142.425386
01462	南富良野町	みなみふらのちょう	43.164029	142.568338
01463	占冠村	しむかっぷむら	42.979587	142.397746
01464	和寒町	わっさむちょう	44.023188	142.413542
01465	剣淵町	けんぶちちょう	44.095747	142.361007
01468	下川町	しもかわちょう	44.302609	142.635147
01469	美深町	びふかちょう	44.481134	142.343025
01470	音威子府村	おといねっぷむら	44.725096	142.262458
01471	中川町	なかがわちょう	44.811624	142.071341
01472	幌加内町	ほろかないちょう	44.009485	142.154294
01481	増毛町	ましけちょう	43.856111	141.525473
01482	小平町	おびらちょう	44.015141	141.662828
01483	苫前町	とままえちょう	44.306095	141.652748
01484	羽幌町	はぼろちょう	44.360699	141.69725
01485	初山別村	しょさんべつむら	44.532151	141.766251
01486	遠別町	えんべつちょう	44.722314	141.792319
01487	天塩町	てしおちょう	44.88803	141.744586
01511	猿払村	さるふつむら	45.33065	142.109134
01512	浜頓別町	はまとんべつちょう	45.123716	142.35964
01513	中頓別町	なかとんべつちょう	44.96976	142.286747
01514	枝幸町	えさしちょう	44.9387	142.581405
01516	豊富町	とよとみちょう	45.102691	141.777124
01517	礼文町	れぶんちょう	45.303306	141.047786
01518	利尻町	りしりちょう	45.187074	141.139638
01519	利尻富士町	りしりふじちょう	45.247529	141.214305
01520	幌延町	ほろのべちょう	45.016992	141.848865
01543	美幌町	びほろちょう	43.823743	144.107103
01544	津別町	つべつちょう	43.706592	144.024865
01545	斜里町	しゃりちょう	43.911543	144.67066
01546	清里町	きよさとちょう	43.835197	144.594207
01547	小清水町	こしみずちょう	43.856724	144.462114
01549	訓子府町	くんねっぷちょう	43.725349	143.741719
01550	置戸町	おけとちょう	43.676336	143.586411
01552	佐呂間町	さろまちょう	44.017853	143.774722
01555	遠軽町	えんがるちょう	44.06212	143.527539
01559	湧別町	ゆうべつちょう	44.151521	143.572916
01560	滝上町	たきのうえちょう	44.192236	143.077566
01561	興部町	おこっぺちょう	44.469953	143.12348
01562	西興部村	にしおこっぺむら	44.328614	142.945084
01563	雄武町	おうむちょう	44.581754	142.961508
01564	大空町	おおぞらちょう	43.911917	144.17244
01571	豊浦町	とようらちょう	42.583464	140.711815
01575	壮瞥町	そうべつちょう	42.552295	140.886025
01578	白老町	しらおいちょう	42.550815	141.35508
01581	厚真町	あつまちょう	42.723718	141.877943
01584	洞爺湖町	とうやこちょう	42.551191	140.763993
01585	安平町	あびらちょう	42.762857	141.818042
01586	むかわ町	むかわちょう	42.57484	141.926742
01601	日高町	ひだかちょう	42.480315	142.074356
01602	平取町	びらとりちょう	42.585098	142.128525
01604	新冠町	にいかっぷちょう	42.362417	142.318315
01607	浦河町	うらかわちょう	42.168455	142.768226
01608	様似町	さまにちょう	42.127966	142.933113
01609	えりも町	えりもちょう	42.016236	143.148529
01610	新ひだか町	しんひだかちょう	42.341298	142.368616
01631	音更町	おとふけちょう	42.994199	143.197971
01632	士幌町	しほろちょう	43.168008	143.241588
01633	上士幌町	かみしほろちょう	43.23144	143.296183
01634	鹿追町	しかおいちょう	43.099113	142.989043
01635	新得町	しんとくちょう	43.079794	142.83879
01636	清水町	しみずちょう	43.011356	142.884532
01637	芽室町	めむろちょう	42.91189	143.050807
01638	中札内村	なかさつないむら	42.697611	143.132443
01639	更別村	さらべつむら	42.650415	143.187794
01641	大樹町	たいきちょう	42.497537	143.278841
01642	広尾町	ひろおちょう	42.285838	143.311501
01643	幕別町	まくべつちょう	42.908198	143.356085
01644	池田町	いけだちょう	42.928469	143.448572
01645	豊頃町	とよころちょう	42.802935	143.505366
01646	本別町	ほんべつちょう	43.124615	143.610962
01647	足寄町	あしょろちょう	43.244834	143.554125
01648	陸別町	りくべつちょう	43.468961	143.747351
01649	浦幌町	うらほろちょう	42.808927	143.658401
01661	釧路町	くしろちょう	42.996048	144.466032
01662	厚岸町	あっけしちょう	43.051951	144.847443
01663	浜中町	はまなかちょう	43.077189	145.129674
01664	標茶町	しべちゃちょう	43.303337	144.600665
01665	弟子屈町	てしかがちょう	43.48539	144.459163
01667	鶴居村	つるいむら	43.229776	144.321168
01668	白糠町	しらぬかちょう	42.9559	144.070713
01691	別海町	べつかいちょう	43.394087	145.117971
01692	中標津町	なかしべつちょう	43.55572	144.97318
01693	標津町	しべつちょう	43.661598	145.13118
01694	羅臼町	らうすちょう	44.021867	145.189673
02201	青森市	あおもりし	40.822358	140.74732
02202	弘前市	ひろさきし	40.603333	140.463142
02203	八戸市	はちのへし	40.512317	141.488518
02204	黒石市	くろいしし	40.642635	140.594632
02205	五所川原市	ごしょがわらし	40.808005	140.44009
02206	十和田市	とわだし	40.612703	141.20591
02207	三沢市	みさわし	40.6829	141.369629
02208	むつ市	むつし	41.293057	141.182687
02209	つがる市	つがるし	40.808706	140.380076
02210	平川市	ひらかわし	40.5841176	140.5643148
02301	平内町	ひらないまち	40.926023	140.955884
02303	今別町	いまべつまち	41.18191	140.481735
02304	蓬田村	よもぎたむら	40.9717846	140.6536912
02307	外ヶ浜町	そとがはままち	41.043159	140.632246
02321	鰺ヶ沢町	あじがさわまち	40.7793281	140.2067179
02323	深浦町	ふかうらまち	40.647876	139.927431
02343	西目屋村	にしめやむら	40.576711	140.296296
02361	藤崎町	ふじさきまち	40.656536	140.503286
02362	大鰐町	おおわにまち	40.518971	140.566753
02367	田舎館村	いなかだてむら	40.631119	140.550197
02381	板柳町	いたやなぎまち	40.695991	140.457735
02384	鶴田町	つるたまち	40.758868	140.428593
02387	中泊町	なかどまりまち	40.965168	140.439856
02401	野辺地町	のへじまち	40.864447	141.128685
02402	七戸町	しちのへまち	40.744714	141.157991
02405	六戸町	ろくのへまち	40.609526	141.324958
02406	横浜町	よこはままち	41.083155	141.247782
02408	東北町	とうほくまち	40.727871	141.257888
02411	六ヶ所村	ろっかしょむら	40.967402	141.374211
02412	おいらせ町	おいらせちょう	40.599087	141.397772
02423	大間町	おおままち	41.526765	140.907438
02424	東通村	ひがしどおりむら	41.277893	141.329467
02425	風間浦村	かざまうらむら	41.487558	140.995654
02426	佐井村	さいむら	41.429698	140.859059
02441	三戸町	さんのへまち	40.378132	141.258451
02442	五戸町	ごのへまち	40.531175	141.307738
02443	田子町	たっこまち	40.339917	141.153989
02445	南部町	なんぶちょう	40.466674	141.38193
02446	階上町	はしかみちょう	40.452431	141.620965
02450	新郷村	しんごうむら	40.466495	141.173714
03201	盛岡市	もりおかし	39.701722	141.154223
03202	宮古市	みやこし	39.641256	141.956823
03203	大船渡市	おおふなとし	39.081901	141.708547
03205	花巻市	はなまきし	39.388609	141.116854
03206	北上市	きたかみし	39.286809	141.113163
03207	久慈市	くじし	40.190466	141.775644
03208	遠野市	とおのし	39.327849	141.533253
03209	一関市	いちのせきし	38.934857	141.12767
03210	陸前高田市	りくぜんたかたし	39.02783	141.625453
03211	釜石市	かまいしし	39.27581	141.885716
03213	二戸市	にのへし	40.271308	141.304622
03214	八幡平市	はちまんたいし	39.95651	141.071198
03215	奥州市	おうしゅうし	39.144529	141.139119
03216	滝沢市	たきざわし	39.734731	141.077028
03301	雫石町	しずくいしちょう	39.696279	140.975773
03302	葛巻町	くずまきまち	40.040082	141.437537
03303	岩手町	いわてまち	39.972768	141.212166
03321	紫波町	しわちょう	39.554551	141.155684
03322	矢巾町	やはばちょう	39.606295	141.142369
03366	西和賀町	にしわがまち	39.317896	140.778741
03381	金ケ崎町	かねがさきちょう	39.1957552	141.1141246
03402	平泉町	ひらいずみちょう	38.987154	141.114008
03441	住田町	すみたちょう	39.142213	141.575025
03461	大槌町	おおつちちょう	39.358653	141.899986
03482	山田町	やまだまち	39.468176	141.94932
03483	岩泉町	いわいずみちょう	39.843128	141.796417
03484	田野畑村	たのはたむら	39.930506	141.889004
03485	普代村	ふだいむら	40.005156	141.885986
03501	軽米町	かるまいまち	40.326751	141.460613
03503	野田村	のだむら	40.110258	141.817707
03506	九戸村	くのへむら	40.211778	141.418874
03507	洋野町	ひろのちょう	40.410156	141.717926
03524	一戸町	いちのへまち	40.213025	141.295478
04100	仙台市	せんだいし	38.268498	140.869798
04101	仙台市青葉区	せんだいしあおばく	38.269087	140.870378
04102	仙台市宮城野区	せんだいしみやぎのく	38.266189	140.909841
04103	仙台市若林区	せんだいしわかばやしく	38.244302	140.900715
04104	仙台市太白区	せんだいしたいはくく	38.2244123	140.8750238
04105	仙台市泉区	せんだいしいずみく	38.326356	140.881609
04202	石巻市	いしのまきし	38.434272	141.302842
04203	塩竈市	しおがまし	38.31436	141.02203
04205	気仙沼市	けせんぬまし	38.908345	141.570222
04206	白石市	しろいしし	38.002467	140.619888
04207	名取市	なとりし	38.171492	140.89198
04208	角田市	かくだし	37.977016	140.781543
04209	多賀城市	たがじょうし	38.293803	141.004369
04211	岩沼市	いわぬまし	38.104295	140.870185
04212	登米市	とめし	38.691856	141.18772
04213	栗原市	くりはらし	38.729648	141.020992
04214	東松島市	ひがしまつしまし	38.426306	141.210611
04215	大崎市	おおさきし	38.577105	140.955547
04301	蔵王町	ざおうまち	38.097756	140.659277
04302	七ケ宿町	しちかしゅくまち	37.99333	140.441551
04321	大河原町	おおがわらまち	38.049412	140.730774
04322	村田町	むらたまち	38.118401	140.722034
04323	柴田町	しばたまち	38.056288	140.765971
04324	川崎町	かわさきまち	38.177751	140.643189
04341	丸森町	まるもりまち	37.911524	140.766061
04361	亘理町	わたりちょう	38.037518	140.852317
04362	山元町	やまもとちょう	37.96209	140.877799
04401	松島町	まつしままち	38.380116	141.067225
04404	七ヶ浜町	しちがはままち	38.304135	141.058841
04406	利府町	りふちょう	38.329767	140.975428
04421	大和町	たいわちょう	38.437343	140.886326
04422	大郷町	おおさとちょう	38.424326	141.004479
04423	富谷町	とみやまち	38.399951	140.895452
04424	大衡村	おおひらむら	38.466573	140.880451
04444	色麻町	しかまちょう	38.54842	140.850219
04445	加美町	かみまち	38.571773	140.85476
04501	涌谷町	わくやちょう	38.539732	141.128189
04505	美里町	みさとまち	38.543991	141.056434
04581	女川町	おながわちょう	38.449744	141.443133
04606	南三陸町	みなみさんりくちょう	38.679566	141.461117
05201	秋田市	あきたし	39.720238	140.10235
05202	能代市	のしろし	40.211945	140.026382
05203	横手市	よこてし	39.313787	140.56669
05204	大館市	おおだてし	40.271408	140.564285
05206	男鹿市	おがし	39.886721	139.8475
05207	湯沢市	ゆざわし	39.164299	140.495705
05209	鹿角市	かづのし	40.215789	140.788519
05210	由利本荘市	ゆりほんじょうし	39.385696	140.049341
05211	潟上市	かたがみし	39.883243	139.988626
05212	大仙市	だいせんし	39.453705	140.475465
05213	北秋田市	きたあきたし	40.226051	140.370756
05214	にかほ市	にかほし	39.203028	139.907677
05215	仙北市	せんぼくし	39.700059	140.73053
05303	小坂町	こさかまち	40.3331	140.736089
05327	上小阿仁村	かみこあにむら	40.06338	140.29553
05346	藤里町	ふじさとまち	40.27839	140.26171
05348	三種町	みたねちょう	40.101679	140.005253
05349	八峰町	はっぽうちょう	40.318715	140.038618
05361	五城目町	ごじょうめまち	39.943895	140.111312
05363	八郎潟町	はちろうがたまち	39.94966	140.073466
05366	井川町	いかわまち	39.914052	140.08073
05368	大潟村	おおがたむら	40.01783	139.960053
05434	美郷町	みさとちょう	39.461739	140.581949
05463	羽後町	うごまち	39.199323	140.412882
05464	東成瀬村	ひがしなるせむら	39.179358	140.64922
06201	山形市	やまがたし	38.255436	140.339605
06202	米沢市	よねざわし	37.922235	140.117042
06203	鶴岡市	つるおかし	38.727183	139.826725
06204	酒田市	さかたし	38.914425	139.836535
06205	新庄市	しんじょうし	38.765002	140.301678
06206	寒河江市	さがえし	38.380964	140.27597
06207	上山市	かみのやまし	38.149562	140.26783
06208	村山市	むらやまし	38.483352	140.38038
06209	長井市	ながいし	38.107527	140.040549
06210	天童市	てんどうし	38.362265	140.377889
06211	東根市	ひがしねし	38.431352	140.391101
06212	尾花沢市	おばなざわし	38.600644	140.405827
06213	南陽市	なんようし	38.055144	140.148375
06301	山辺町	やまのべまち	38.289217	140.262181
06302	中山町	なかやままち	38.333122	140.283051
06321	河北町	かほくちょう	38.426307	140.314309
06322	西川町	にしかわまち	38.426499	140.147378
06323	朝日町	あさひまち	38.299295	140.146001
06324	大江町	おおえまち	38.38074	140.206863
06341	大石田町	おおいしだまち	38.593877	140.372647
06361	金山町	かねやままち	38.883532	140.33939
06362	最上町	もがみまち	38.758467	140.519359
06363	舟形町	ふながたまち	38.691428	140.31984
06364	真室川町	まむろがわまち	38.857876	140.252301
06365	大蔵村	おおくらむら	38.704119	140.230438
06366	鮭川村	さけがわむら	38.796457	140.222066
06367	戸沢村	とざわむら	38.737509	140.143743
06381	高畠町	たかはたまち	38.002745	140.189113
06382	川西町	かわにしまち	38.004482	140.045787
06401	小国町	おぐにまち	38.061625	139.743439
06402	白鷹町	しらたかまち	38.183053	140.097888
06403	飯豊町	いいでまち	38.044935	139.987785
06426	三川町	みかわまち	38.794548	139.849557
06428	庄内町	しょうないまち	38.849884	139.904731
06461	遊佐町	ゆざまち	39.014585	139.907338
07201	福島市	ふくしまし	37.760931	140.474042
07202	会津若松市	あいづわかまつし	37.494842	139.929707
07203	郡山市	こおりやまし	37.400987	140.36027
07204	いわき市	いわきし	37.050361	140.886946
07205	白河市	しらかわし	37.126379	140.210923
07207	須賀川市	すかがわし	37.287358	140.372124
07208	喜多方市	きたかたし	37.650897	139.874909
07209	相馬市	そうまし	37.796644	140.919623
07210	二本松市	にほんまつし	37.584861	140.431129
07211	田村市	たむらし	37.44128	140.569295
07212	南相馬市	みなみそうまし	37.642136	140.957292
07213	伊達市	だてし	37.819186	140.56295
07214	本宮市	もとみやし	37.513162	140.393877
07301	桑折町	こおりまち	37.849512	140.516458
07303	国見町	くにみまち	37.876807	140.549178
07308	川俣町	かわまたまち	37.664989	140.598244
07322	大玉村	おおたまむら	37.534464	140.370945
07342	鏡石町	かがみいしまち	37.252861	140.343406
07344	天栄村	てんえいむら	37.255576	140.247165
07362	下郷町	しもごうまち	37.254705	139.873078
07364	檜枝岐村	ひのえまたむら	37.024159	139.388897
07367	只見町	ただみまち	37.34882	139.316096
07368	南会津町	みなみあいづまち	37.2004	139.77321
07402	北塩原村	きたしおばらむら	37.655665	139.937308
07405	西会津町	にしあいづまち	37.588823	139.647525
07407	磐梯町	ばんだいまち	37.562099	139.988766
07408	猪苗代町	いなわしろまち	37.557255	140.104791
07421	会津坂下町	あいづばんげまち	37.561489	139.821637
07422	湯川村	ゆがわむら	37.565396	139.886692
07423	柳津町	やないづまち	37.526121	139.719501
07444	三島町	みしままち	37.470336	139.644069
07445	金山町	かねやままち	37.453643	139.52459
07446	昭和村	しょうわむら	37.335244	139.610244
07447	会津美里町	あいづみさとまち	37.459868	139.841075
07461	西郷村	にしごうむら	37.141751	140.155986
07464	泉崎村	いずみざきむら	37.15705	140.295252
07465	中島村	なかじまむら	37.148893	140.350121
07466	矢吹町	やぶきまち	37.201283	140.338611
07481	棚倉町	たなぐらまち	37.029939	140.379562
07482	矢祭町	やまつりまち	36.871403	140.424758
07483	塙町	はなわまち	36.957323	140.409526
07484	鮫川村	さめがわむら	37.042333	140.509675
07501	石川町	いしかわまち	37.144332	140.452357
07502	玉川村	たまかわむら	37.211011	140.408966
07503	平田村	ひらたむら	37.217991	140.569924
07504	浅川町	あさかわまち	37.081003	140.412807
07505	古殿町	ふるどのまち	37.089201	140.555738
07521	三春町	みはるまち	37.441048	140.492527
07522	小野町	おのまち	37.286825	140.626283
07541	広野町	ひろのまち	37.214403	140.994561
07542	楢葉町	ならはまち	37.282632	140.993467
07543	富岡町	とみおかまち	37.395435	140.320167
07544	川内村	かわうちむら	37.336738	140.803615
07545	大熊町	おおくままち	37.490021	139.928077
07546	双葉町	ふたばまち	36.921876	140.800628
07547	浪江町	なみえまち	37.570324	140.449031
07548	葛尾村	かつらおむら	37.420503	140.48572
07561	新地町	しんちまち	37.876379	140.919591
07564	飯舘村	いいたてむら	37.678777	140.734436
08201	水戸市	みとし	36.365861	140.471222
08202	日立市	ひたちし	36.598962	140.651039
08203	土浦市	つちうらし	36.078456	140.204105
08204	古河市	こがし	36.178514	139.755299
08205	石岡市	いしおかし	36.190321	140.287873
08207	結城市	ゆうきし	36.305289	139.877144
08208	龍ケ崎市	りゅうがさきし	35.911587	140.182206
08210	下妻市	しもつまし	36.184516	139.967374
08211	常総市	じょうそうし	36.023441	139.99427
08212	常陸太田市	ひたちおおたし	36.53828	140.530953
08214	高萩市	たかはぎし	36.718847	140.716782
08215	北茨城市	きたいばらきし	36.801892	140.751032
08216	笠間市	かさまし	36.345944	140.304901
08217	取手市	とりでし	35.911414	140.050118
08219	牛久市	うしくし	35.979397	140.149532
08220	つくば市	つくばし	36.083602	140.075004
08221	ひたちなか市	ひたちなかし	36.39709	140.534618
08222	鹿嶋市	かしまし	35.966139	140.644968
08223	潮来市	いたこし	35.947073	140.555331
08224	守谷市	もりやし	35.951768	139.975077
08225	常陸大宮市	ひたちおおみやし	36.543629	140.411376
08226	那珂市	なかし	36.457424	140.486726
08227	筑西市	ちくせいし	36.307041	139.983123
08228	坂東市	ばんどうし	36.04845	139.888223
08229	稲敷市	いなしきし	35.956545	140.323911
08230	かすみがうら市	かすみがうらし	36.151812	140.237006
08231	桜川市	さくらがわし	36.327275	140.090478
08232	神栖市	かみすし	35.889972	140.664527
08233	行方市	なめがたし	35.990541	140.488934
08234	鉾田市	ほこたし	36.158571	140.515956
08235	つくばみらい市	つくばみらいし	35.962521	140.037492
08236	小美玉市	おみたまし	36.239284	140.352592
08302	茨城町	いばらきまち	36.286921	140.424517
08309	大洗町	おおあらいまち	36.313362	140.574888
08310	城里町	しろさとまち	36.479483	140.376394
08341	東海村	とうかいむら	36.472916	140.566212
08364	大子町	だいごまち	36.76836	140.354957
08442	美浦村	みほむら	36.004554	140.301906
08443	阿見町	あみまち	36.030995	140.215241
08447	河内町	かわちまち	35.884463	140.244329
08521	八千代町	やちよまち	36.181632	139.891145
08542	五霞町	ごかまち	36.114116	139.745832
08546	境町	さかいまち	36.108466	139.795046
08564	利根町	とねまち	35.85777	140.139148
09201	宇都宮市	うつのみやし	36.555132	139.88281
09202	足利市	あしかがし	36.340835	139.450396
09203	栃木市	とちぎし	36.382505	139.7342
09204	佐野市	さのし	36.313833	139.579133
09205	鹿沼市	かぬまし	36.567111	139.74501
09206	日光市	にっこうし	36.719964	139.69773
09208	小山市	おやまし	36.314674	139.800137
09209	真岡市	もおかし	36.440427	140.013428
09210	大田原市	おおたわらし	36.870665	140.015575
09211	矢板市	やいたし	36.806214	139.92396
09213	那須塩原市	なすしおばらし	36.96169	140.046044
09214	さくら市	さくらし	36.685301	139.96693
09215	那須烏山市	なすからすやまし	36.656891	140.151376
09216	下野市	しもつけし	36.387167	139.841942
09301	上三川町	かみのかわまち	36.439248	139.910293
09342	益子町	ましこまち	36.467356	140.093381
09343	茂木町	もてぎまち	36.532115	140.187579
09344	市貝町	いちかいまち	36.543242	140.102113
09345	芳賀町	はがまち	36.548251	140.058199
09361	壬生町	みぶまち	36.427058	139.803935
09364	野木町	のぎまち	36.234287	139.740914
09384	塩谷町	しおやまち	36.777605	139.850578
09386	高根沢町	たかねざわまち	36.630976	139.986672
09407	那須町	なすまち	37.01977	140.121009
09411	那珂川町	なかがわまち	36.738145	140.171398
10201	前橋市	まえばしし	36.389543	139.063406
10202	高崎市	たかさきし	36.321964	139.003305
10203	桐生市	きりゅうし	36.40521	139.330646
10204	伊勢崎市	いせさきし	36.311445	139.197276
10205	太田市	おおたし	36.291186	139.375435
10206	沼田市	ぬまたし	36.64616	139.044105
10207	館林市	たてばやしし	36.244843	139.541948
10208	渋川市	しぶかわし	36.489487	139.000382
10209	藤岡市	ふじおかし	36.258463	139.074458
10210	富岡市	とみおかし	36.259843	138.890082
10211	安中市	あんなかし	36.326301	138.887171
10212	みどり市	みどりし	36.394819	139.281076
10344	榛東村	しんとうむら	36.438645	138.967118
10345	吉岡町	よしおかまち	36.447134	139.009563
10366	上野村	うえのむら	36.083176	138.777331
10367	神流町	かんなまち	36.116083	138.916603
10382	下仁田町	しもにたまち	36.21247	138.789083
10383	南牧村	なんもくむら	36.158553	138.711406
10384	甘楽町	かんらまち	36.243009	138.921752
10421	中之条町	なかのじょうまち	36.58987	138.84105
10424	長野原町	ながのはらまち	36.552435	138.637572
10425	嬬恋村	つまごいむら	36.516874	138.530176
10426	草津町	くさつまち	36.620742	138.596097
10428	高山村	たかやまむら	36.620889	138.943344
10429	東吾妻町	ひがしあがつままち	36.571414	138.825563
10443	片品村	かたしなむら	36.77248	139.22534
10444	川場村	かわばむら	36.694722	139.106387
10448	昭和村	しょうわむら	36.639759	139.065881
10449	みなかみ町	みなかみまち	36.6787	138.999072
10464	玉村町	たまむらまち	36.304438	139.114913
10521	板倉町	いたくらまち	36.222955	139.610271
10522	明和町	めいわまち	36.21128	139.534228
10523	千代田町	ちよだまち	36.217479	139.442037
10524	大泉町	おおいずみまち	36.247924	139.404804
10525	邑楽町	おうらまち	36.252392	139.4623
11100	さいたま市	さいたまし	35.861601	139.645585
11101	さいたま市西区	さいたましにしく	35.925233	139.579655
11102	さいたま市北区	さいたましきたく	35.931511	139.62023
11103	さいたま市大宮区	さいたましおおみやく	35.906382	139.629093
11104	さいたま市見沼区	さいたましみぬまく	35.935484	139.655026
11105	さいたま市中央区	さいたましちゅうおうく	35.883965	139.626177
11106	さいたま市桜区	さいたましさくらく	35.855876	139.609766
11107	さいたま市浦和区	さいたましうらわく	35.861601	139.645585
11108	さいたま市南区	さいたましみなみく	35.845211	139.645289
11109	さいたま市緑区	さいたましみどりく	35.871072	139.684158
11110	さいたま市岩槻区	さいたましいわつきく	35.949908	139.694397
11201	川越市	かわごえし	35.925117	139.486196
11202	熊谷市	くまがやし	36.147254	139.388286
11203	川口市	かわぐちし	35.807741	139.724171
11206	行田市	ぎょうだし	36.138951	139.455646
11207	秩父市	ちちぶし	35.992083	139.084795
11208	所沢市	ところざわし	35.799672	139.468613
11209	飯能市	はんのうし	35.856772	139.326859
11210	加須市	かぞし	36.131335	139.601844
11211	本庄市	ほんじょうし	36.243329	139.190629
11212	東松山市	ひがしまつやまし	36.042162	139.39995
11214	春日部市	かすかべし	35.975462	139.752079
11215	狭山市	さやまし	35.852945	139.412213
11216	羽生市	はにゅうし	36.17246	139.548731
11217	鴻巣市	こうのすし	36.065758	139.522172
11218	深谷市	ふかやし	36.197519	139.281556
11219	上尾市	あげおし	35.977672	139.593414
11221	草加市	そうかし	35.825371	139.805327
11222	越谷市	こしがやし	35.891006	139.790713
11223	蕨市	わらびし	35.825576	139.679758
11224	戸田市	とだし	35.817577	139.677989
11225	入間市	いるまし	35.835769	139.391058
11227	朝霞市	あさかし	35.797255	139.593919
11228	志木市	しきし	35.836614	139.580231
11229	和光市	わこうし	35.782211	139.606005
11230	新座市	にいざし	35.793497	139.56533
11231	桶川市	おけがわし	36.002891	139.558686
11232	久喜市	くきし	36.061995	139.666844
11233	北本市	きたもとし	36.026979	139.529775
11234	八潮市	やしおし	35.822539	139.839175
11235	富士見市	ふじみし	35.856759	139.549074
11237	三郷市	みさとし	35.830133	139.872247
11238	蓮田市	はすだし	35.993729	139.662889
11239	坂戸市	さかどし	35.957262	139.402983
11240	幸手市	さってし	36.078208	139.725197
11241	鶴ヶ島市	つるがしまし	35.934507	139.393073
11242	日高市	ひだかし	35.907413	139.339093
11243	吉川市	よしかわし	35.891124	139.841328
11245	ふじみ野市	ふじみのし	35.879549	139.519767
11246	白岡市	しらおかし	36.01912	139.676914
11301	伊奈町	いなまち	35.999865	139.623877
11324	三芳町	みよしまち	35.828536	139.527151
11326	毛呂山町	もろやままち	35.941737	139.315848
11327	越生町	おごせまち	35.964478	139.294202
11341	滑川町	なめがわまち	36.065987	139.36092
11342	嵐山町	らんざんまち	36.056568	139.320514
11343	小川町	おがわまち	36.056669	139.261873
11346	川島町	かわじままち	35.992488	139.484351
11347	吉見町	よしみまち	36.039853	139.45373
11348	鳩山町	はとやままち	35.981469	139.334106
11349	ときがわ町	ときがわまち	36.00857	139.296766
11361	横瀬町	よこぜまち	35.987295	139.100079
11362	皆野町	みなのまち	36.070856	139.098725
11363	長瀞町	ながとろまち	36.114787	139.10972
11365	小鹿野町	おがのまち	36.017138	139.008604
11369	東秩父村	ひがしちちぶむら	36.058148	139.194573
11381	美里町	みさとまち	36.177182	139.181518
11383	神川町	かみかわまち	36.213879	139.101779
11385	上里町	かみさとまち	36.251618	139.144867
11408	寄居町	よりいまち	36.118379	139.19304
11442	宮代町	みやしろまち	36.022662	139.722877
11464	杉戸町	すぎとまち	36.025579	139.736781
11465	松伏町	まつぶしまち	35.925774	139.815139
12100	千葉市	ちばし	35.607331	140.10638
12101	千葉市中央区	ちばしちゅうおうく	35.609001	140.124589
12102	千葉市花見川区	ちばしはなみがわく	35.663058	140.068517
12103	千葉市稲毛区	ちばしいなげく	35.63619	140.107192
12104	千葉市若葉区	ちばしわかばく	35.634016	140.155653
12105	千葉市緑区	ちばしみどりく	35.560501	140.176153
12106	千葉市美浜区	ちばしみはまく	35.640538	140.063052
12202	銚子市	ちょうしし	35.734667	140.826791
12203	市川市	いちかわし	35.721914	139.931013
12204	船橋市	ふなばしし	35.694711	139.982621
12205	館山市	たてやまし	34.996645	139.869724
12206	木更津市	きさらづし	35.381254	139.924966
12207	松戸市	まつどし	35.787652	139.903226
12208	野田市	のだし	35.955106	139.874828
12210	茂原市	もばらし	35.428213	140.288096
12211	成田市	なりたし	35.776605	140.318781
12212	佐倉市	さくらし	35.72262	140.224269
12213	東金市	とうがねし	35.559716	140.365298
12215	旭市	あさひし	37.861194	138.933308
12216	習志野市	ならしのし	35.680885	140.026462
12217	柏市	かしわし	35.867135	139.975906
12218	勝浦市	かつうらし	35.152211	140.320869
12219	市原市	いちはらし	35.496588	140.115981
12220	流山市	ながれやまし	35.856329	139.902896
12221	八千代市	やちよし	35.722205	140.100308
12222	我孫子市	あびこし	35.864162	140.028226
12223	鴨川市	かもがわし	35.112187	140.098317
12224	鎌ケ谷市	かまがやし	35.776747	140.000343
12225	君津市	きみつし	35.330559	139.902452
12226	富津市	ふっつし	35.30414	139.857113
12227	浦安市	うらやすし	35.653953	139.902128
12228	四街道市	よつかいどうし	35.669616	140.1683
12229	袖ケ浦市	そでがうらし	35.429714	139.954619
12230	八街市	やちまたし	35.665934	140.318549
12231	印西市	いんざいし	35.832332	140.145765
12232	白井市	しろいし	35.79145	140.055811
12233	富里市	とみさとし	35.727314	140.343833
12234	南房総市	みなみぼうそうし	35.042691	139.839833
12235	匝瑳市	そうさし	35.707917	140.564354
12236	香取市	かとりし	35.897913	140.499415
12237	山武市	さんむし	35.602992	140.413531
12238	いすみ市	いすみし	35.253961	140.384562
12239	大網白里市	おおあみしらさとし	35.521716	140.32096
12322	酒々井町	しすいまち	35.724907	140.269283
12329	栄町	さかえまち	35.840928	140.243734
12342	神崎町	こうざきまち	35.901611	140.405326
12347	多古町	たこまち	35.735592	140.467727
12349	東庄町	とうのしょうまち	35.83715	140.668786
12403	九十九里町	くじゅうくりまち	35.535079	140.440267
12409	芝山町	しばやままち	35.69317	140.414407
12410	横芝光町	よこしばひかりまち	35.665756	140.503962
12421	一宮町	いちのみやまち	35.372623	140.368671
12422	睦沢町	むつざわまち	35.361046	140.319409
12423	長生村	ちょうせいむら	35.412154	140.353527
12424	白子町	しらこまち	35.45434	140.374253
12426	長柄町	ながらまち	35.431267	140.22792
12427	長南町	ちょうなんまち	35.386049	140.237215
12441	大多喜町	おおたきまち	35.28483	140.245417
12443	御宿町	おんじゅくまち	35.191492	140.348762
12463	鋸南町	きょなんまち	35.111126	139.835757
13101	千代田区	ちよだく	35.694003	139.753634
13102	中央区	ちゅうおうく	35.670587	139.772003
13103	港区	みなとく	35.658015	139.751596
13104	新宿区	しんじゅくく	35.69389	139.703463
13105	文京区	ぶんきょうく	35.707951	139.752431
13106	台東区	たいとうく	35.712607	139.779984
13107	墨田区	すみだく	35.710724	139.801497
13108	江東区	こうとうく	35.672773	139.817271
13109	品川区	しながわく	35.608837	139.730242
13110	目黒区	めぐろく	35.641263	139.698591
13111	大田区	おおたく	35.56126	139.715987
13112	世田谷区	せたがやく	35.645926	139.652941
13113	渋谷区	しぶやく	35.663824	139.697726
13114	中野区	なかのく	35.707285	139.66383
13115	杉並区	すぎなみく	35.699893	139.636363
13116	豊島区	としまく	35.726136	139.716589
13117	北区	きたく	35.753179	139.733983
13118	荒川区	あらかわく	35.736083	139.783372
13119	板橋区	いたばしく	35.750918	139.709213
13120	練馬区	ねりまく	35.735612	139.652272
13121	足立区	あだちく	35.774892	139.804584
13122	葛飾区	かつしかく	35.742986	139.847408
13123	江戸川区	えどがわく	35.706662	139.868429
13201	八王子市	はちおうじし	35.66657	139.316075
13202	立川市	たちかわし	35.714003	139.407832
13203	武蔵野市	むさしのし	35.717837	139.565938
13204	三鷹市	みたかし	35.682519	139.560134
13205	青梅市	おうめし	35.787857	139.275835
13206	府中市	ふちゅうし	35.669071	139.477278
13207	昭島市	あきしまし	35.705755	139.353609
13208	調布市	ちょうふし	35.650628	139.540683
13209	町田市	まちだし	35.546559	139.438527
13210	小金井市	こがねいし	35.699479	139.502989
13211	小平市	こだいらし	35.728408	139.477909
13212	日野市	ひのし	35.670504	139.395512
13213	東村山市	ひがしむらやまし	35.754625	139.468484
13214	国分寺市	こくぶんじし	35.710751	139.462794
13215	国立市	くにたちし	35.683912	139.441366
13218	福生市	ふっさし	35.738484	139.326868
13219	狛江市	こまえし	35.634914	139.578735
13220	東大和市	ひがしやまとし	35.744714	139.427038
13221	清瀬市	きよせし	35.786053	139.526353
13222	東久留米市	ひがしくるめし	35.757992	139.529673
13223	武蔵村山市	むさしむらやまし	35.754906	139.387422
13224	多摩市	たまし	35.63776	139.44689
13225	稲城市	いなぎし	35.63796	139.50427
13227	羽村市	はむらし	35.767752	139.310549
13228	あきる野市	あきるのし	35.729115	139.293511
13229	西東京市	にしとうきょうし	35.725499	139.538159
13303	瑞穂町	みずほまち	35.771981	139.354285
13305	日の出町	ひのでまち	35.742115	139.257405
13307	檜原村	ひのはらむら	35.726878	139.148728
13308	奥多摩町	おくたままち	35.809521	139.096214
13361	大島町	おおしままち	34.750256	139.355385
13362	利島村	としまむら	34.532188	139.283055
13363	新島村	にいじまむら	34.373721	139.256622
13364	神津島村	こうづしまむら	34.201142	139.135133
13381	三宅村	みやけむら	34.0708425	139.4778061
13382	御蔵島村	みくらじまむら	33.897377	139.5936102
13401	八丈町	はちじょうまち	33.1112222	139.7875722
13402	青ヶ島村	あおがしまむら	32.4645028	139.7617686
13421	小笠原村	おがさわらむら	27.0943709	142.1897134
14100	横浜市	よこはまし	35.443758	139.637309
14101	横浜市鶴見区	よこはましつるみく	35.508398	139.682384
14102	横浜市神奈川区	よこはましかながわく	35.476962	139.629411
14103	横浜市西区	よこはましにしく	35.453609	139.616877
14104	横浜市中区	よこはましなかく	35.444749	139.642209
14105	横浜市南区	よこはましみなみく	35.435603	139.628732
14106	横浜市保土ケ谷区	よこはましほどがやく	35.459984	139.59606
14107	横浜市磯子区	よこはましいそごく	35.402389	139.61855
14108	横浜市金沢区	よこはましかなざわく	35.337273	139.624464
14109	横浜市港北区	よこはましこうほくく	35.519055	139.633036
14110	横浜市戸塚区	よこはましとつかく	35.400026	139.533519
14111	横浜市港南区	よこはましこうなんく	35.400677	139.591222
14112	横浜市旭区	よこはましあさひく	35.474761	139.5448
14113	横浜市緑区	よこはましみどりく	35.512401	139.538067
14114	横浜市瀬谷区	よこはましせやく	35.466079	139.498835
14115	横浜市栄区	よこはましさかえく	35.364662	139.553812
14116	横浜市泉区	よこはましいずみく	35.417871	139.489111
14117	横浜市青葉区	よこはましあおばく	35.553835	139.536188
14118	横浜市都筑区	よこはましつづきく	35.544937	139.57103
14130	川崎市	かわさきし	35.531103	139.702965
14131	川崎市川崎区	かわさきしかわさきく	35.529653	139.703707
14132	川崎市幸区	かわさきしさいわいく	35.544334	139.686777
14133	川崎市中原区	かわさきしなかはらく	35.575982	139.65594
14134	川崎市高津区	かわさきしたかつく	35.599401	139.608096
14135	川崎市多摩区	かわさきしたまく	35.619609	139.562113
14136	川崎市宮前区	かわさきしみやまえく	35.589217	139.57858
14137	川崎市麻生区	かわさきしあさおく	35.60378	139.505658
14150	相模原市	さがみはらし	35.571426	139.373282
14151	相模原市緑区	さがみはらしみどりく	35.595703	139.337712
14152	相模原市中央区	さがみはらしちゅうおうく	35.571426	139.373282
14153	相模原市南区	さがみはらしみなみく	35.53032	139.430156
14201	横須賀市	よこすかし	35.281097	139.672484
14203	平塚市	ひらつかし	35.335641	139.350376
14204	鎌倉市	かまくらし	35.319498	139.547359
14205	藤沢市	ふじさわし	35.338945	139.491258
14206	小田原市	おだわらし	35.264719	139.152323
14207	茅ヶ崎市	ちがさきし	35.334218	139.404233
14208	逗子市	ずしし	35.295592	139.580415
14210	三浦市	みうらし	35.144176	139.620765
14211	秦野市	はだのし	35.374733	139.219929
14212	厚木市	あつぎし	35.443049	139.362442
14213	大和市	やまとし	35.487515	139.45795
14214	伊勢原市	いせはらし	35.40366	139.314829
14215	海老名市	えびなし	35.446446	139.390845
14216	座間市	ざまし	35.489187	139.408037
14217	南足柄市	みなみあしがらし	35.320728	139.099609
14218	綾瀬市	あやせし	35.437161	139.426348
14301	葉山町	はやままち	35.272089	139.586202
14321	寒川町	さむかわまち	35.372839	139.384744
14341	大磯町	おおいそまち	35.306889	139.311319
14342	二宮町	にのみやまち	35.299494	139.255525
14361	中井町	なかいまち	35.331075	139.218591
14362	大井町	おおいまち	35.326541	139.156094
14363	松田町	まつだまち	35.348332	139.139039
14364	山北町	やまきたまち	35.360636	139.083826
14366	開成町	かいせいまち	35.336025	139.122749
14382	箱根町	はこねまち	35.232155	139.107118
14383	真鶴町	まなづるまち	35.158429	139.137191
14384	湯河原町	ゆがわらまち	35.147931	139.108336
14401	愛川町	あいかわまち	35.528818	139.321672
14402	清川村	きよかわむら	35.482072	139.276387
15100	新潟市	にいがたし	37.916129	139.036402
15101	新潟市北区	にいがたしきたく	37.916674	139.219308
15102	新潟市東区	にいがたしひがしく	37.924877	139.092777
15103	新潟市中央区	にいがたしちゅうおうく	37.916129	139.036402
15104	新潟市江南区	にいがたしこうなんく	37.86766	139.094013
15105	新潟市秋葉区	にいがたしあきはく	37.788042	139.113665
15106	新潟市南区	にいがたしみなみく	37.765685	139.018677
15107	新潟市西区	にいがたしにしく	37.874212	138.971943
15108	新潟市西蒲区	にいがたしにしかんく	37.760409	138.889315
15202	長岡市	ながおかし	37.446587	138.851224
15204	三条市	さんじょうし	37.636801	138.961692
15205	柏崎市	かしわざきし	37.372008	138.558325
15206	新発田市	しばたし	37.950883	139.327898
15208	小千谷市	おぢやし	37.31435	138.795097
15209	加茂市	かもし	37.666039	139.041145
15210	十日町市	とおかまちし	37.127577	138.755735
15211	見附市	みつけし	37.530782	138.912869
15212	村上市	むらかみし	38.22399	139.48004
15213	燕市	つばめし	37.673149	138.882249
15216	糸魚川市	いといがわし	37.039025	137.862658
15217	妙高市	みょうこうし	37.025202	138.25349
15218	五泉市	ごせんし	37.744483	139.182568
15222	上越市	じょうえつし	37.147248	138.2363
15223	阿賀野市	あがのし	37.834534	139.226016
15224	佐渡市	さどし	38.018297	138.368115
15225	魚沼市	うおぬまし	37.230265	138.961067
15226	南魚沼市	みなみうおぬまし	37.065522	138.876081
15227	胎内市	たいないし	38.059708	139.41035
15307	聖籠町	せいろうまち	37.974639	139.274411
15342	弥彦村	やひこむら	37.691124	138.855116
15361	田上町	たがみまち	37.698857	139.057993
15385	阿賀町	あがまち	37.675624	139.458783
15405	出雲崎町	いずもざきまち	37.530715	138.709361
15461	湯沢町	ゆざわまち	36.934039	138.816951
15482	津南町	つなんまち	37.014313	138.652547
15504	刈羽村	かりわむら	37.422328	138.622456
15581	関川村	せきかわむら	38.089412	139.564957
15586	粟島浦村	あわしまうらむら	38.468325	139.254481
16201	富山市	とやまし	36.695982	137.213449
16202	高岡市	たかおかし	36.754099	137.025717
16204	魚津市	うおづし	36.827367	137.40919
16205	氷見市	ひみし	36.855978	136.972868
16206	滑川市	なめりかわし	36.764394	137.34118
16207	黒部市	くろべし	36.873255	137.449172
16208	砺波市	となみし	36.647478	136.962195
16209	小矢部市	おやべし	36.675531	136.868653
16210	南砺市	なんとし	36.588049	136.919511
16211	射水市	いみずし	36.711625	137.099123
16321	舟橋村	ふなはしむら	36.703565	137.307385
16322	上市町	かみいちまち	36.698795	137.361911
16323	立山町	たてやままち	36.663533	137.313688
16342	入善町	にゅうぜんまち	36.93355	137.50207
16343	朝日町	あさひまち	36.946179	137.559868
17201	金沢市	かなざわし	36.561051	136.656633
17202	七尾市	ななおし	37.043106	136.9653253
17203	小松市	こまつし	36.408357	136.445588
17204	輪島市	わじまし	37.390557	136.899185
17205	珠洲市	すずし	37.43637	137.260406
17206	加賀市	かがし	36.303288	136.315052
17207	羽咋市	はくいし	36.893599	136.779032
17209	かほく市	かほくし	36.72019	136.706691
17210	白山市	はくさんし	36.514427	136.565833
17211	能美市	のみし	36.446997	136.554203
17212	野々市市	ののいちし	36.519466	136.609685
17324	川北町	かわきたまち	36.46891	136.541868
17361	津幡町	つばたまち	36.669113	136.728658
17365	内灘町	うちなだまち	36.65353	136.645125
17384	志賀町	しかまち	37.006187	136.77801
17386	宝達志水町	ほうだつしみずちょう	36.862784	136.797479
17407	中能登町	なかのとまち	36.9888986	136.8993495
17461	穴水町	あなみずまち	37.230984	136.912363
17463	能登町	のとちょう	37.306652	137.149972
18201	福井市	ふくいし	36.063753	136.218747
18202	敦賀市	つるがし	35.645222	136.055544
18204	小浜市	おばまし	35.495593	135.746647
18205	大野市	おおのし	35.979817	136.487578
18206	勝山市	かつやまし	36.060923	136.500548
18207	鯖江市	さばえし	35.956734	136.183858
18208	あわら市	あわらし	36.211361	136.229012
18209	越前市	えちぜんし	35.903529	136.168761
18210	坂井市	さかいし	36.166947	136.231468
18322	永平寺町	えいへいじちょう	36.092356	136.299054
18382	池田町	いけだちょう	35.890358	136.344221
18404	南越前町	みなみえちぜんちょう	35.835217	136.194377
18423	越前町	えちぜんちょう	35.974264	136.129765
18442	美浜町	みはまちょう	35.600558	135.940523
18481	高浜町	たかはまちょう	35.490392	135.550968
18483	おおい町	おおいちょう	35.481291	135.61722
18501	若狭町	わかさちょう	35.548749	135.908437
19201	甲府市	こうふし	35.662372	138.568302
19202	富士吉田市	ふじよしだし	35.4875	138.807857
19204	都留市	つるし	35.551744	138.905123
19205	山梨市	やまなしし	35.692991	138.687453
19206	大月市	おおつきし	35.610458	138.940191
19207	韮崎市	にらさきし	35.709105	138.445735
19208	南アルプス市	みなみあるぷすし	35.608322	138.464835
19209	北杜市	ほくとし	35.77653	138.423626
19210	甲斐市	かいし	35.660823	138.515766
19211	笛吹市	ふえふきし	35.647366	138.639747
19212	上野原市	うえのはらし	35.630315	139.108593
19213	甲州市	こうしゅうし	35.704305	138.72941
19214	中央市	ちゅうおうし	35.599634	138.51728
19346	市川三郷町	いちかわみさとちょう	35.56512	138.502406
19364	早川町	はやかわちょう	35.412653	138.363139
19365	身延町	みのぶちょう	35.467597	138.442424
19366	南部町	なんぶちょう	35.242697	138.486162
19368	富士川町	ふじかわちょう	35.564685	138.454562
19384	昭和町	しょうわちょう	35.627928	138.535148
19422	道志村	どうしむら	35.521613	138.842766
19423	西桂町	にしかつらちょう	35.52408	138.846883
19424	忍野村	おしのむら	35.460062	138.847853
19425	山中湖村	やまなかこむら	35.410645	138.861078
19429	鳴沢村	なるさわむら	35.480711	138.699019
19430	富士河口湖町	ふじかわぐちこまち	35.497297	138.754926
19442	小菅村	こすげむら	35.760124	138.940161
19443	丹波山村	たばやまむら	35.7897021	138.9200457
20201	長野市	ながのし	36.647828	138.194649
20202	松本市	まつもとし	36.238258	137.97174
20203	上田市	うえだし	36.401967	138.249086
20204	岡谷市	おかやし	36.067281	138.050367
20205	飯田市	いいだし	35.514478	137.821452
20206	諏訪市	すわし	36.039195	138.113987
20207	須坂市	すざかし	36.651095	138.30731
20208	小諸市	こもろし	36.326825	138.42605
20209	伊那市	いなし	35.827478	137.954083
20210	駒ヶ根市	こまがねし	35.728867	137.933985
20211	中野市	なかのし	36.742027	138.36947
20212	大町市	おおまちし	36.502998	137.851086
20213	飯山市	いいやまし	36.851699	138.365465
20214	茅野市	ちのし	35.995571	138.158896
20215	塩尻市	しおじりし	36.114967	137.953521
20217	佐久市	さくし	36.248788	138.476831
20218	千曲市	ちくまし	36.533685	138.119783
20219	東御市	とうみし	36.359694	138.330697
20220	安曇野市	あづみのし	36.303937	137.905782
20303	小海町	こうみまち	36.095147	138.483444
20304	川上村	かわかみむら	35.975487	138.578605
20305	南牧村	みなみまきむら	36.02095	138.492002
20306	南相木村	みなみあいきむら	36.035896	138.5449096
20307	北相木村	きたあいきむら	36.0359646	138.5119875
20309	佐久穂町	さくほまち	36.161101	138.483513
20321	軽井沢町	かるいざわまち	36.34831	138.596966
20323	御代田町	みよたまち	36.321155	138.508798
20324	立科町	たてしなまち	36.272089	138.315992
20349	青木村	あおきむら	36.370332	138.128492
20350	長和町	ながわまち	36.255832	138.267866
20361	下諏訪町	しもすわまち	36.069723	138.079946
20362	富士見町	ふじみまち	35.914652	138.24074
20363	原村	はらむら	35.964413	138.217471
20382	辰野町	たつのまち	35.982501	137.987498
20383	箕輪町	みのわまち	35.915018	137.981992
20384	飯島町	いいじままち	35.676726	137.919591
20385	南箕輪村	みなみみのわむら	35.876249	137.954216
20386	中川村	なかがわむら	35.634539	137.946058
20388	宮田村	みやだむら	35.768948	137.944356
20402	松川町	まつかわまち	35.597231	137.909667
20403	高森町	たかもりまち	35.551575	137.87899
20404	阿南町	あなんちょう	35.32364	137.816089
20407	阿智村	あちむら	35.443788	137.747444
20409	平谷村	ひらやむら	35.32324	137.6278369
20410	根羽村	ねばむら	35.2782551	137.5661678
20411	下條村	しもじょうむら	35.39745	137.786034
20412	売木村	うるぎむら	35.251892	137.704972
20413	天龍村	てんりゅうむら	35.276224	137.854129
20414	泰阜村	やすおかむら	35.416008	137.81393
20415	喬木村	たかぎむら	35.513938	137.873649
20416	豊丘村	とよおかむら	35.551514	137.895869
20417	大鹿村	おおしかむら	35.578242	138.034028
20422	上松町	あげまつまち	35.784101	137.694072
20423	南木曽町	なぎそまち	35.603787	137.608936
20425	木祖村	きそむら	35.935346	137.78316
20429	王滝村	おうたきむら	35.8093705	137.5487276
20430	大桑村	おおくわむら	35.682902	137.664938
20432	木曽町	きそまち	35.842475	137.691502
20446	麻績村	おみむら	36.456086	138.045267
20448	生坂村	いくさかむら	36.407491	137.92556
20450	山形村	やまがたむら	36.175495	137.890332
20451	朝日村	あさひむら	36.123531	137.866114
20452	筑北村	ちくほくむら	36.402531	138.011969
20481	池田町	いけだまち	36.421174	137.874541
20482	松川村	まつかわむら	36.42397	137.854385
20485	白馬村	はくばむら	36.698486	137.862311
20486	小谷村	おたりむら	36.779245	137.908191
20521	坂城町	さかきまち	36.462089	138.179726
20541	小布施町	おぶせまち	36.698095	138.312496
20543	高山村	たかやまむら	36.67977	138.363261
20561	山ノ内町	やまのうちまち	36.74457	138.412166
20562	木島平村	きじまだいらむら	36.858462	138.406696
20563	野沢温泉村	のざわおんせんむら	36.922749	138.440416
20583	信濃町	しなのまち	36.806426	138.207122
20588	小川村	おがわむら	36.617332	137.97466
20590	飯綱町	いいづなまち	36.754674	138.235489
20602	栄村	さかえむら	36.987531	138.57703
21201	岐阜市	ぎふし	35.423301	136.760657
21202	大垣市	おおがきし	35.359365	136.612753
21203	高山市	たかやまし	36.146218	137.252773
21204	多治見市	たじみし	35.332767	137.13201
21205	関市	せきし	35.495777	136.917895
21206	中津川市	なかつがわし	35.488056	137.500876
21207	美濃市	みのし	35.544712	136.907575
21208	瑞浪市	みずなみし	35.361407	137.253778
21209	羽島市	はしまし	35.31991	136.703349
21210	恵那市	えなし	35.449339	137.41285
21211	美濃加茂市	みのかもし	35.440242	137.015664
21212	土岐市	ときし	35.352061	137.182388
21213	各務原市	かかみがはらし	35.3986	136.849189
21214	可児市	かにし	35.426132	137.061075
21215	山県市	やまがたし	35.505807	136.78196
21216	瑞穂市	みずほし	35.391826	136.690784
21217	飛騨市	ひだし	36.238063	137.185545
21218	本巣市	もとすし	35.482991	136.678205
21219	郡上市	ぐじょうし	35.748619	136.96436
21220	下呂市	げろし	35.805879	137.244061
21221	海津市	かいづし	35.220484	136.637176
21302	岐南町	ぎなんちょう	35.389664	136.782508
21303	笠松町	かさまつちょう	35.367219	136.763189
21341	養老町	ようろうちょう	35.308624	136.561405
21361	垂井町	たるいちょう	35.374847	136.526754
21362	関ケ原町	せきがはらちょう	35.365542	136.466996
21381	神戸町	ごうどちょう	35.417341	136.608525
21382	輪之内町	わのうちちょう	35.284891	136.638169
21383	安八町	あんぱちちょう	35.335418	136.665415
21401	揖斐川町	いびがわちょう	35.487317	136.568611
21403	大野町	おおのちょう	35.470625	136.628227
21404	池田町	いけだちょう	35.442284	136.572918
21421	北方町	きたがたちょう	35.436943	136.68595
21501	坂祝町	さかほぎちょう	35.426734	136.98537
21502	富加町	とみかちょう	35.484761	136.979707
21503	川辺町	かわべちょう	35.486443	137.071211
21504	七宗町	ひちそうちょう	35.54384	137.119946
21505	八百津町	やおつちょう	35.476029	137.141505
21506	白川町	しらかわちょう	35.581798	137.187821
21507	東白川村	ひがししらかわむら	35.642386	137.323554
21521	御嵩町	みたけちょう	35.435001	137.130688
21604	白川村	しらかわむら	36.27089	136.898492
22100	静岡市	しずおかし	34.975401	138.383268
22101	静岡市葵区	しずおかしあおいく	34.975401	138.383268
22102	静岡市駿河区	しずおかしするがく	34.960745	138.404047
22103	静岡市清水区	しずおかししみずく	35.015891	138.489533
22130	浜松市	はままつし	34.710865	137.726117
22131	浜松市中区	はままつしなかく	34.710865	137.726117
22132	浜松市東区	はままつしひがしく	34.741342	137.791772
22133	浜松市西区	はままつしにしく	34.692696	137.645231
22134	浜松市南区	はままつしみなみく	34.6673	137.752297
22135	浜松市北区	はままつしきたく	34.806151	137.651104
22136	浜松市浜北区	はままつしはまきたく	34.792945	137.79005
22137	浜松市天竜区	はままつしてんりゅうく	34.872621	137.816251
22203	沼津市	ぬまづし	35.095723	138.863337
22205	熱海市	あたみし	35.096432	139.071938
22206	三島市	みしまし	35.118778	138.918418
22207	富士宮市	ふじのみやし	35.222079	138.621665
22208	伊東市	いとうし	34.965565	139.102042
22209	島田市	しまだし	34.836439	138.176044
22210	富士市	ふじし	35.161462	138.675476
22211	磐田市	いわたし	34.717881	137.851511
22212	焼津市	やいづし	34.866906	138.323137
22213	掛川市	かけがわし	34.768039	137.997263
22214	藤枝市	ふじえだし	34.867179	138.256961
22215	御殿場市	ごてんばし	35.30874	138.934212
22216	袋井市	ふくろいし	34.75016	137.924624
22219	下田市	しもだし	34.679536	138.945316
22220	裾野市	すそのし	35.173891	138.906724
22221	湖西市	こさいし	34.718474	137.531617
22222	伊豆市	いずし	34.976591	138.946715
22223	御前崎市	おまえざきし	34.638028	138.127377
22224	菊川市	きくがわし	34.757616	138.084032
22225	伊豆の国市	いずのくにし	35.027716	138.928913
22226	牧之原市	まきのはらし	34.740054	138.224644
22301	東伊豆町	ひがしいずちょう	34.772855	139.041328
22302	河津町	かわづちょう	34.757252	138.987482
22304	南伊豆町	みなみいずちょう	34.651203	138.85845
22305	松崎町	まつざきちょう	34.752713	138.778473
22306	西伊豆町	にしいずちょう	34.771693	138.775334
22325	函南町	かんなみちょう	35.088939	138.95321
22341	清水町	しみずちょう	35.099015	138.90272
22342	長泉町	ながいずみちょう	35.137712	138.897258
22344	小山町	おやまちょう	35.36011	138.987296
22424	吉田町	よしだちょう	34.770889	138.252004
22429	川根本町	かわねほんちょう	35.046964	138.080928
22461	森町	もりまち	34.835611	137.927038
23100	名古屋市	なごやし	35.181422	136.907184
23101	名古屋市千種区	なごやしちくさく	35.166534	136.9464
23102	名古屋市東区	なごやしひがしく	35.17932	136.926005
23103	名古屋市北区	なごやしきたく	35.194178	136.911592
23104	名古屋市西区	なごやしにしく	35.189186	136.889891
23105	名古屋市中村区	なごやしなかむらく	35.168797	136.872876
23106	名古屋市中区	なごやしなかく	35.168638	136.910342
23107	名古屋市昭和区	なごやししょうわく	35.150216	136.934166
23108	名古屋市瑞穂区	なごやしみずほく	35.131571	136.934975
23109	名古屋市熱田区	なごやしあつたく	35.128787	136.909999
23110	名古屋市中川区	なごやしなかがわく	35.141539	136.854816
23111	名古屋市港区	なごやしみなとく	35.107792	136.885553
23112	名古屋市南区	なごやしみなみく	35.095127	136.931212
23113	名古屋市守山区	なごやしもりやまく	35.203343	136.97633
23114	名古屋市緑区	なごやしみどりく	35.070808	136.952238
23115	名古屋市名東区	なごやしめいとうく	35.175806	137.010461
23116	名古屋市天白区	なごやしてんぱくく	35.12274	136.975049
23201	豊橋市	とよはしし	34.769291	137.391516
23202	岡崎市	おかざきし	34.954809	137.172999
23203	一宮市	いちのみやし	35.303896	136.802913
23204	瀬戸市	せとし	35.224041	137.084055
23205	半田市	はんだし	34.891707	136.9379
23206	春日井市	かすがいし	35.247508	136.973187
23207	豊川市	とよかわし	34.826784	137.375578
23208	津島市	つしまし	35.17704	136.741236
23209	碧南市	へきなんし	34.884773	136.993364
23210	刈谷市	かりやし	34.989258	137.002154
23211	豊田市	とよたし	35.082492	137.156216
23212	安城市	あんじょうし	34.959036	137.080597
23213	西尾市	にしおし	34.86217	137.061436
23214	蒲郡市	がまごおりし	34.826459	137.219483
23215	犬山市	いぬやまし	35.378612	136.944492
23216	常滑市	とこなめし	34.886678	136.832375
23217	江南市	こうなんし	35.332083	136.870787
23219	小牧市	こまきし	35.290366	136.911624
23220	稲沢市	いなざわし	35.248135	136.780216
23221	新城市	しんしろし	34.899068	137.498879
23222	東海市	とうかいし	35.022901	136.903805
23223	大府市	おおぶし	35.012723	136.963188
23224	知多市	ちたし	34.996578	136.865575
23225	知立市	ちりゅうし	35.001308	137.050985
23226	尾張旭市	おわりあさひし	35.216621	137.035401
23227	高浜市	たかはまし	34.92763	136.98766
23228	岩倉市	いわくらし	35.279675	136.871622
23229	豊明市	とよあけし	35.053799	137.013069
23230	日進市	にっしんし	35.132518	137.040001
23231	田原市	たはらし	34.668792	137.264212
23232	愛西市	あいさいし	35.153138	136.728097
23233	清須市	きよすし	35.199911	136.852914
23234	北名古屋市	きたなごやし	35.245657	136.865961
23235	弥富市	やとみし	35.110118	136.72472
23236	みよし市	みよしし	35.089405	137.074859
23237	あま市	あまし	35.200502	136.783815
23238	長久手市	ながくてし	35.184123	137.048726
23302	東郷町	とうごうちょう	35.096615	137.052464
23342	豊山町	とよやまちょう	35.250458	136.911978
23361	大口町	おおぐちちょう	35.332444	136.907694
23362	扶桑町	ふそうちょう	35.35914	136.913079
23424	大治町	おおはるちょう	35.175089	136.8201
23425	蟹江町	かにえちょう	35.132339	136.786679
23427	飛島村	とびしまむら	35.079429	136.791445
23441	阿久比町	あぐいちょう	34.932597	136.915571
23442	東浦町	ひがしうらちょう	34.976847	136.965299
23445	南知多町	みなみちたちょう	34.715347	136.929898
23446	美浜町	みはまちょう	34.778843	136.908251
23447	武豊町	たけとよちょう	34.85097	136.914937
23501	幸田町	こうたちょう	34.864425	137.165667
23561	設楽町	したらちょう	35.09723	137.571434
23562	東栄町	とうえいちょう	35.076973	137.697779
23563	豊根村	とよねむら	35.146174	137.719969
24201	津市	つし	34.718888	136.504923
24202	四日市市	よっかいちし	34.965612	136.624376
24203	伊勢市	いせし	34.487409	136.709725
24204	松阪市	まつさかし	34.577785	136.528404
24205	桑名市	くわなし	35.062288	136.683539
24207	鈴鹿市	すずかし	34.881299	136.584093
24208	名張市	なばりし	34.627662	136.108299
24209	尾鷲市	おわせし	34.070799	136.190998
24210	亀山市	かめやまし	34.855472	136.451856
24211	鳥羽市	とばし	34.481327	136.843445
24212	熊野市	くまのし	33.88862	136.100248
24214	いなべ市	いなべし	35.115709	136.56138
24215	志摩市	しまし	34.328218	136.829655
24216	伊賀市	いがし	34.76859	136.129897
24303	木曽岬町	きそさきちょう	35.075958	136.731353
24324	東員町	とういんちょう	35.073798	136.584206
24341	菰野町	こものちょう	35.019946	136.507346
24343	朝日町	あさひちょう	35.034221	136.664366
24344	川越町	かわごえちょう	35.02295	136.673971
24441	多気町	たきちょう	34.496189	136.546163
24442	明和町	めいわちょう	34.547307	136.622935
24443	大台町	おおだいちょう	34.393385	136.407939
24461	玉城町	たまきちょう	34.490278	136.630918
24470	度会町	わたらいちょう	34.438895	136.622494
24471	大紀町	たいきちょう	34.357922	136.4159
24472	南伊勢町	みなみいせちょう	34.352059	136.70365
24543	紀北町	きほくちょう	34.211358	136.336541
24561	御浜町	みはまちょう	33.814505	136.048677
24562	紀宝町	きほうちょう	33.734059	136.009459
25201	大津市	おおつし	35.018357	135.854621
25202	彦根市	ひこねし	35.274464	136.259623
25203	長浜市	ながはまし	35.380629	136.278572
25204	近江八幡市	おうみはちまんし	35.128255	136.097776
25206	草津市	くさつし	35.013801	135.960136
25207	守山市	もりやまし	35.058407	135.994321
25208	栗東市	りっとうし	35.021614	135.997993
25209	甲賀市	こうかし	34.96612	136.167084
25210	野洲市	やすし	35.067359	136.02582
25211	湖南市	こなんし	35.004353	136.083873
25212	高島市	たかしまし	35.353052	136.035785
25213	東近江市	ひがしおうみし	35.112514	136.208429
25214	米原市	まいばらし	35.31484	136.283961
25383	日野町	ひのちょう	35.018547	136.245413
25384	竜王町	りゅうおうちょう	35.06075	136.124438
25425	愛荘町	あいしょうちょう	35.168834	136.212306
25441	豊郷町	とよさとちょう	35.200382	136.229974
25442	甲良町	こうらちょう	35.204224	136.26135
25443	多賀町	たがちょう	35.222771	136.293074
26100	京都市	きょうとし	35.0117578	135.7656632
26101	京都市北区	きょうとしきたく	35.04097	135.753991
26102	京都市上京区	きょうとしかみぎょうく	35.0295968	135.7544454
26103	京都市左京区	きょうとしさきょうく	35.048633	135.778478
26104	京都市中京区	きょうとしなかぎょうく	35.0102939	135.7491901
26105	京都市東山区	きょうとしひがしやまく	34.997029	135.77634
26106	京都市下京区	きょうとししもぎょうく	34.987633	135.7533074
26107	京都市南区	きょうとしみなみく	34.976756	135.746418
26108	京都市右京区	きょうとしうきょうく	35.010197	135.716098
26109	京都市伏見区	きょうとしふしみく	34.935949	135.761357
26110	京都市山科区	きょうとしやましなく	34.972439	135.8136
26111	京都市西京区	きょうとしにしきょうく	34.985204	135.693375
26201	福知山市	ふくちやまし	35.296725	135.126532
26202	舞鶴市	まいづるし	35.4748847	135.3843561
26203	綾部市	あやべし	35.298611	135.258643
26204	宇治市	うじし	34.884391	135.799824
26205	宮津市	みやづし	35.5355838	135.1933725
26206	亀岡市	かめおかし	35.013508	135.573523
26207	城陽市	じょうようし	34.85283	135.779757
26208	向日市	むこうし	34.948502	135.697941
26209	長岡京市	ながおかきょうし	34.927232	135.694508
26210	八幡市	やわたし	34.875533	135.707571
26211	京田辺市	きょうたなべし	34.814442	135.767842
26212	京丹後市	きょうたんごし	35.624169	135.060997
26213	南丹市	なんたんし	35.107371	135.470274
26214	木津川市	きづがわし	34.737182	135.820106
26303	大山崎町	おおやまざきちょう	34.902795	135.688476
26322	久御山町	くみやまちょう	34.881164	135.732344
26343	井手町	いでちょう	34.798414	135.803303
26344	宇治田原町	うじたわらちょう	34.852662	135.85685
26364	笠置町	かさぎちょう	34.760468	135.939373
26365	和束町	わづかちょう	34.795662	135.904897
26366	精華町	せいかちょう	34.760817	135.785686
26367	南山城村	みなみやましろむら	34.772811	135.993589
26407	京丹波町	きょうたんばちょう	35.16432	135.423246
26463	伊根町	いねちょう	35.67516	135.27265
26465	与謝野町	よさのちょう	35.565375	135.152916
27100	大阪市	おおさかし	34.693888	135.501929
27102	大阪市都島区	おおさかしみやこじまく	34.701279	135.528091
27103	大阪市福島区	おおさかしふくしまく	34.692357	135.472232
27104	大阪市此花区	おおさかしこのはなく	34.683038	135.452225
27106	大阪市西区	おおさかしにしく	34.676384	135.486112
27107	大阪市港区	おおさかしみなとく	34.663918	135.460611
27108	大阪市大正区	おおさかしたいしょうく	34.650417	135.472694
27109	大阪市天王寺区	おおさかしてんのうじく	34.65787	135.51937
27111	大阪市浪速区	おおさかしなにわく	34.659372	135.499616
27113	大阪市西淀川区	おおさかしにしよどがわく	34.711346	135.456208
27114	大阪市東淀川区	おおさかしひがしよどがわく	34.741314	135.52934
27115	大阪市東成区	おおさかしひがしなりく	34.670027	135.541221
27116	大阪市生野区	おおさかしいくのく	34.653745	135.534447
27117	大阪市旭区	おおさかしあさひく	34.721266	135.544142
27118	大阪市城東区	おおさかしじょうとうく	34.702013	135.545987
27119	大阪市阿倍野区	おおさかしあべのく	34.638758	135.518529
27120	大阪市住吉区	おおさかしすみよしく	34.603718	135.500498
27121	大阪市東住吉区	おおさかしひがしすみよしく	34.622105	135.52667
27122	大阪市西成区	おおさかしにしなりく	34.635058	135.494587
27123	大阪市淀川区	おおさかしよどがわく	34.72097	135.486522
27124	大阪市鶴見区	おおさかしつるみく	34.704429	135.57427
27125	大阪市住之江区	おおさかしすみのえく	34.60967	135.482717
27126	大阪市平野区	おおさかしひらのく	34.62116	135.545999
27127	大阪市北区	おおさかしきたく	34.705581	135.510095
27128	大阪市中央区	おおさかしちゅうおうく	34.681225	135.509687
27140	堺市	さかいし	34.573412	135.48289
27141	堺市堺区	さかいしさかいく	34.573412	135.48289
27142	堺市中区	さかいしなかく	34.528417	135.500475
27143	堺市東区	さかいしひがしく	34.53817	135.536507
27144	堺市西区	さかいしにしく	34.535052	135.464008
27145	堺市南区	さかいしみなみく	34.486433	135.490488
27146	堺市北区	さかいしきたく	34.565444	135.517158
27147	堺市美原区	さかいしみはらく	34.538848	135.55963
27202	岸和田市	きしわだし	34.460731	135.370213
27203	豊中市	とよなかし	34.780969	135.469678
27204	池田市	いけだし	34.821686	135.428555
27205	吹田市	すいたし	34.759075	135.51633
27206	泉大津市	いずみおおつし	34.504268	135.410473
27207	高槻市	たかつきし	34.846142	135.617324
27208	貝塚市	かいづかし	34.437687	135.358431
27209	守口市	もりぐちし	34.73769	135.564209
27210	枚方市	ひらかたし	34.814721	135.651289
27211	茨木市	いばらきし	34.815908	135.568496
27212	八尾市	やおし	34.626572	135.601161
27213	泉佐野市	いずみさのし	34.406839	135.327337
27214	富田林市	とんだばやしし	34.499844	135.597297
27215	寝屋川市	ねやがわし	34.766079	135.628011
27216	河内長野市	かわちながのし	34.458379	135.56379
27217	松原市	まつばらし	34.577838	135.551728
27218	大東市	だいとうし	34.711815	135.623001
27219	和泉市	いずみし	34.483635	135.423624
27220	箕面市	みのおし	34.826636	135.470002
27221	柏原市	かしわらし	34.579305	135.628642
27222	羽曳野市	はびきのし	34.558129	135.606137
27223	門真市	かどまし	34.739581	135.587651
27224	摂津市	せっつし	34.77737	135.561839
27225	高石市	たかいしし	34.520689	135.441911
27226	藤井寺市	ふじいでらし	34.574283	135.597477
27227	東大阪市	ひがしおおさかし	34.679325	135.600899
27228	泉南市	せんなんし	34.366007	135.2733
27229	四條畷市	しじょうなわてし	34.740088	135.64015
27230	交野市	かたのし	34.788399	135.679912
27231	大阪狭山市	おおさかさやまし	34.504132	135.555743
27232	阪南市	はんなんし	34.359594	135.239656
27301	島本町	しまもとちょう	34.883914	135.662976
27321	豊能町	とよのちょう	34.918851	135.494096
27322	能勢町	のせちょう	34.972289	135.414121
27341	忠岡町	ただおかちょう	34.487132	135.401429
27361	熊取町	くまとりちょう	34.401477	135.355879
27362	田尻町	たじりちょう	34.393782	135.291176
27366	岬町	みさきちょう	34.316978	135.142139
27381	太子町	たいしちょう	34.519048	135.6478
27382	河南町	かなんちょう	34.491637	135.62988
27383	千早赤阪村	ちはやあかさかむら	34.464601	135.622531
28100	神戸市	こうべし	34.68968	135.194884
28101	神戸市東灘区	こうべしひがしなだく	34.720197	135.265466
28102	神戸市灘区	こうべしなだく	34.712356	135.239571
28105	神戸市兵庫区	こうべしひょうごく	34.680584	135.165383
28106	神戸市長田区	こうべしながたく	34.665718	135.150846
28107	神戸市須磨区	こうべしすまく	34.658621	135.133738
28108	神戸市垂水区	こうべしたるみく	34.630274	135.056822
28109	神戸市北区	こうべしきたく	34.727256	135.144387
28110	神戸市中央区	こうべしちゅうおうく	34.695074	135.197794
28111	神戸市西区	こうべしにしく	34.683361	134.981649
28201	姫路市	ひめじし	34.815496	134.685458
28202	尼崎市	あまがさきし	34.733826	135.406442
28203	明石市	あかしし	34.643204	134.997165
28204	西宮市	にしのみやし	34.737599	135.341564
28205	洲本市	すもとし	34.342432	134.89562
28206	芦屋市	あしやし	34.726522	135.304179
28207	伊丹市	いたみし	34.784295	135.400933
28208	相生市	あいおいし	34.804081	134.46808
28209	豊岡市	とよおかし	35.544309	134.82019
28210	加古川市	かこがわし	34.75662	134.8409
28212	赤穂市	あこうし	34.755226	134.390901
28213	西脇市	にしわきし	34.99425	134.969636
28214	宝塚市	たからづかし	34.799817	135.360098
28215	三木市	みきし	34.796483	134.990266
28216	高砂市	たかさごし	34.766018	134.790858
28217	川西市	かわにしし	34.830132	135.417222
28218	小野市	おのし	34.853496	134.931671
28219	三田市	さんだし	34.889563	135.22504
28220	加西市	かさいし	34.927811	134.841819
28221	篠山市	ささやまし	35.075647	135.218393
28222	養父市	やぶし	35.404243	134.767774
28223	丹波市	たんばし	35.175181	135.029826
28224	南あわじ市	みなみあわじし	34.29448	134.779856
28225	朝来市	あさごし	35.340096	134.852817
28226	淡路市	あわじし	34.439738	134.914963
28227	宍粟市	しそうし	35.004403	134.549458
28228	加東市	かとうし	34.918548	134.973415
28229	たつの市	たつのし	34.85741	134.544341
28301	猪名川町	いながわちょう	34.895609	135.375976
28365	多可町	たかちょう	35.050315	134.92337
28381	稲美町	いなみちょう	34.748746	134.91276
28382	播磨町	はりまちょう	34.71528	134.867959
28442	市川町	いちかわちょう	34.989365	134.763289
28443	福崎町	ふくさきちょう	34.950319	134.760254
28446	神河町	かみかわちょう	35.064007	134.739495
28464	太子町	たいしちょう	34.832719	134.573086
28481	上郡町	かみごおりちょう	34.873583	134.356098
28501	佐用町	さようちょう	35.004085	134.355368
28585	香美町	かみちょう	35.632169	134.629175
28586	新温泉町	しんおんせんちょう	35.623509	134.448942
29201	奈良市	ならし	34.685077	135.804917
29202	大和高田市	やまとたかだし	34.514713	135.736456
29203	大和郡山市	やまとこおりやまし	34.649368	135.782747
29204	天理市	てんりし	34.5973	135.837056
29205	橿原市	かしはらし	34.509453	135.792757
29206	桜井市	さくらいし	34.5187	135.843232
29207	五條市	ごじょうし	34.352353	135.693391
29208	御所市	ごせし	34.660896	135.163856
29209	生駒市	いこまし	34.691979	135.700553
29210	香芝市	かしばし	34.541295	135.699162
29211	葛城市	かつらぎし	34.489158	135.726563
29212	宇陀市	うだし	34.5280556	135.9501123
29322	山添村	やまぞえむら	34.680814	136.043933
29342	平群町	へぐりちょう	34.629035	135.700507
29343	三郷町	さんごうちょう	34.600147	135.69553
29344	斑鳩町	いかるがちょう	34.608852	135.730594
29345	安堵町	あんどちょう	34.606488	135.756781
29361	川西町	かわにしちょう	34.584383	135.773871
29362	三宅町	みやけちょう	34.573373	135.772863
29363	田原本町	たわらもとちょう	34.556677	135.794986
29385	曽爾村	そにむら	34.510664	136.124475
29386	御杖村	みつえむら	34.4881	136.165968
29401	高取町	たかとりちょう	34.449555	135.792453
29402	明日香村	あすかむら	34.471281	135.820633
29424	上牧町	かんまきちょう	34.562724	135.716674
29425	王寺町	おうじちょう	34.594725	135.706565
29426	広陵町	こうりょうちょう	34.542357	135.751168
29427	河合町	かわいちょう	34.578369	135.736699
29441	吉野町	よしのちょう	34.396046	135.857613
29442	大淀町	おおよどちょう	34.389881	135.788933
29443	下市町	しもいちちょう	34.360687	135.791408
29444	黒滝村	くろたきむら	34.309276	135.852251
29446	天川村	てんかわむら	34.241929	135.855136
29447	野迫川村	のせがわむら	34.166293	135.63303
29449	十津川村	とつかわむら	33.988284	135.793168
29450	下北山村	しもきたやまむら	34.005082	135.955178
29451	上北山村	かみきたやまむら	34.134374	136.000097
29452	川上村	かわかみむら	34.338121	135.954303
29453	東吉野村	ひがしよしのむら	34.403541	135.968307
30201	和歌山市	わかやまし	34.230514	135.170808
30202	海南市	かいなんし	34.154994	135.209178
30203	橋本市	はしもとし	34.314947	135.605363
30204	有田市	ありだし	34.083104	135.127727
30205	御坊市	ごぼうし	33.890915	135.152782
30206	田辺市	たなべし	33.728159	135.377246
30207	新宮市	しんぐうし	33.724319	135.992361
30208	紀の川市	きのかわし	34.269863	135.362748
30209	岩出市	いわでし	34.256267	135.311451
30304	紀美野町	きみのちょう	34.167192	135.307575
30341	かつらぎ町	かつらぎちょう	34.295996	135.503881
30343	九度山町	くどやまちょう	34.287192	135.562242
30344	高野町	こうやちょう	34.216077	135.586536
30361	湯浅町	ゆあさちょう	34.029405	135.190444
30362	広川町	ひろがわちょう	34.029496	135.172815
30366	有田川町	ありだがわちょう	34.057486	135.216116
30381	美浜町	みはまちょう	33.893806	135.133262
30382	日高町	ひだかちょう	33.92568	135.141072
30383	由良町	ゆらちょう	33.959257	135.118185
30390	印南町	いなみちょう	33.818367	135.21825
30391	みなべ町	みなべちょう	33.77233	135.321431
30392	日高川町	ひだかがわちょう	33.912113	135.185408
30401	白浜町	しらはまちょう	33.678167	135.348066
30404	上富田町	かみとんだちょう	33.696352	135.428802
30406	すさみ町	すさみちょう	33.550126	135.496634
30421	那智勝浦町	なちかつうらちょう	33.625988	135.941039
30422	太地町	たいじちょう	33.594037	135.943965
30424	古座川町	こざがわちょう	33.531845	135.81478
30427	北山村	きたやまむら	33.932085	135.969182
30428	串本町	くしもとちょう	33.472556	135.781434
31201	鳥取市	とっとりし	35.501099	134.235122
31202	米子市	よなごし	35.428136	133.330939
31203	倉吉市	くらよしし	35.430182	133.825561
31204	境港市	さかいみなとし	35.539164	133.231589
31302	岩美町	いわみちょう	35.575896	134.332087
31325	若桜町	わかさちょう	35.339959	134.401017
31328	智頭町	ちづちょう	35.265081	134.22659
31329	八頭町	やずちょう	35.409182	134.250562
31364	三朝町	みささちょう	35.408458	133.861753
31370	湯梨浜町	ゆりはまちょう	35.489276	133.864418
31371	琴浦町	ことうらちょう	35.495368	133.693334
31372	北栄町	ほくえいちょう	35.490011	133.758294
31384	日吉津村	ひえづそん	35.440182	133.380761
31386	大山町	だいせんちょう	35.510779	133.496123
31389	南部町	なんぶちょう	35.340305	133.326874
31390	伯耆町	ほうきちょう	35.384814	133.40757
31401	日南町	にちなんちょう	35.163269	133.306242
31402	日野町	ひのちょう	35.240741	133.442739
31403	江府町	こうふちょう	35.283162	133.488517
32201	松江市	まつえし	35.468187	133.048595
32202	浜田市	はまだし	34.899255	132.079883
32203	出雲市	いずもし	35.367035	132.754676
32204	益田市	ますだし	34.674814	131.842862
32205	大田市	おおだし	35.19209	132.499352
32206	安来市	やすぎし	35.431451	133.250851
32207	江津市	ごうつし	35.011118	132.221486
32209	雲南市	うんなんし	35.287787	132.900475
32343	奥出雲町	おくいずもちょう	35.19743	133.002393
32386	飯南町	いいなんちょう	35.000051	132.713924
32441	川本町	かわもとまち	34.994156	132.495521
32448	美郷町	みさとちょう	35.076563	132.590979
32449	邑南町	おおなんちょう	34.893975	132.437987
32501	津和野町	つわのちょう	34.543681	131.838286
32505	吉賀町	よしかちょう	34.353494	131.935108
32525	海士町	あまちょう	36.09683	133.096176
32526	西ノ島町	にしのしまちょう	36.093213	132.994342
32527	知夫村	ちぶむら	36.014823	133.042544
32528	隠岐の島町	おきのしまちょう	36.209064	133.3218
33100	岡山市	おかやまし	34.655107	133.919566
33101	岡山市北区	おかやましきたく	34.655107	133.919566
33102	岡山市中区	おかやましなかく	34.670776	133.943144
33103	岡山市東区	おかやましひがしく	34.651455	134.029558
33104	岡山市南区	おかやましみなみく	34.599777	133.919555
33202	倉敷市	くらしきし	34.584677	133.772281
33203	津山市	つやまし	35.069118	134.004543
33204	玉野市	たまのし	34.49198	133.946012
33205	笠岡市	かさおかし	34.507163	133.507402
33207	井原市	いばらし	34.598066	133.464362
33208	総社市	そうじゃし	34.67281	133.746531
33209	高梁市	たかはしし	34.791464	133.616388
33210	新見市	にいみし	34.977058	133.470345
33211	備前市	びぜんし	34.745321	134.188613
33212	瀬戸内市	せとうちし	34.664893	134.092849
33213	赤磐市	あかいわし	34.755396	134.018848
33214	真庭市	まにわし	35.076141	133.752049
33215	美作市	みまさかし	35.008594	134.148578
33216	浅口市	あさくちし	34.527834	133.584911
33346	和気町	わけちょう	34.802882	134.157539
33423	早島町	はやしまちょう	34.600822	133.828304
33445	里庄町	さとしょうちょう	34.51401	133.556266
33461	矢掛町	やかげちょう	34.627549	133.587113
33586	新庄村	しんじょうそん	35.1793886	133.565455
33606	鏡野町	かがみのちょう	35.092008	133.932104
33622	勝央町	しょうおうちょう	35.04179	134.116172
33623	奈義町	なぎちょう	35.123024	134.177427
33643	西粟倉村	にしあわくらそん	35.171331	134.336276
33663	久米南町	くめなんちょう	34.929237	133.96074
33666	美咲町	みさきちょう	34.997967	133.958149
33681	吉備中央町	きびちゅうおうちょう	34.86326	133.693872
34100	広島市	ひろしまし	34.384789	132.454843
34101	広島市中区	ひろしましなかく	34.386358	132.45499
34102	広島市東区	ひろしましひがしく	34.395402	132.48234
34103	広島市南区	ひろしましみなみく	34.379884	132.469061
34104	広島市西区	ひろしましにしく	34.393966	132.434426
34105	広島市安佐南区	ひろしましあさみなみく	34.45185	132.471641
34106	広島市安佐北区	ひろしましあさきたく	34.518282	132.507633
34107	広島市安芸区	ひろしましあきく	34.371756	132.525542
34108	広島市佐伯区	ひろしましさえきく	34.36444	132.36122
34202	呉市	くれし	34.24896	132.566157
34203	竹原市	たけはらし	34.341794	132.907091
34204	三原市	みはらし	34.397619	133.078252
34205	尾道市	おのみちし	34.409701	133.205452
34207	福山市	ふくやまし	34.485935	133.362527
34208	府中市	ふちゅうし	34.568463	133.236429
34209	三次市	みよしし	34.805382	132.852046
34210	庄原市	しょうばらし	34.857746	133.017264
34211	大竹市	おおたけし	34.237991	132.222642
34212	東広島市	ひがしひろしまし	34.426383	132.743296
34213	廿日市市	はつかいちし	34.348416	132.331541
34214	安芸高田市	あきたかたし	34.666099	132.703977
34215	江田島市	えたじまし	34.222994	132.443785
34302	府中町	ふちゅうちょう	34.392589	132.504544
34304	海田町	かいたちょう	34.372164	132.536097
34307	熊野町	くまのちょう	34.335784	132.584604
34309	坂町	さかちょう	34.341282	132.513639
34368	安芸太田町	あきおおたちょう	34.576781	132.227172
34369	北広島町	きたひろしまちょう	34.674544	132.538413
34431	大崎上島町	おおさきかみじまちょう	34.269733	132.914664
34462	世羅町	せらちょう	34.586834	133.056646
34545	神石高原町	じんせきこうげんちょう	34.703531	133.247266
35201	下関市	しものせきし	33.957859	130.941384
35202	宇部市	うべし	33.951623	131.246761
35203	山口市	やまぐちし	34.177643	131.47343
35204	萩市	はぎし	34.408107	131.399104
35206	防府市	ほうふし	34.05093	131.562754
35207	下松市	くだまつし	34.014577	131.869773
35208	岩国市	いわくにし	34.166501	132.218942
35210	光市	ひかりし	33.962302	131.942529
35211	長門市	ながとし	34.370959	131.182198
35212	柳井市	やないし	33.963839	132.101597
35213	美祢市	みねし	34.16623	131.206092
35215	周南市	しゅうなんし	34.055138	131.806469
35216	山陽小野田市	さんようおのだし	34.003225	131.181314
35305	周防大島町	すおうおおしまちょう	33.927628	132.19532
35321	和木町	わきちょう	34.202403	132.220202
35341	上関町	かみのせきちょう	33.831007	132.110712
35343	田布施町	たぶせちょう	33.954725	132.041412
35344	平生町	ひらおちょう	33.937969	132.073057
35502	阿武町	あぶちょう	34.503352	131.47136
36201	徳島市	とくしまし	34.070273	134.554844
36202	鳴門市	なるとし	34.172768	134.608783
36203	小松島市	こまつしまし	34.004725	134.59066
36204	阿南市	あなんし	33.921762	134.659566
36205	吉野川市	よしのがわし	34.066608	134.358917
36206	阿波市	あわし	34.102139	134.297434
36207	美馬市	みまし	34.053376	134.169822
36208	三好市	みよしし	34.026086	133.807152
36301	勝浦町	かつうらちょう	33.931364	134.511031
36302	上勝町	かみかつちょう	33.888462	134.402079
36321	佐那河内村	さなごうちそん	33.993153	134.452936
36341	石井町	いしいちょう	34.074134	134.440674
36342	神山町	かみやまちょう	33.967291	134.350447
36368	那賀町	なかちょう	33.857544	134.496786
36383	牟岐町	むぎちょう	33.668318	134.420708
36387	美波町	みなみちょう	33.734595	134.535422
36388	海陽町	かいようちょう	33.602004	134.351966
36401	松茂町	まつしげちょう	34.133968	134.580148
36402	北島町	きたじまちょう	34.125603	134.546951
36403	藍住町	あいずみちょう	34.126696	134.495082
36404	板野町	いたのちょう	34.144365	134.462618
36405	上板町	かみいたちょう	34.121121	134.405405
36468	つるぎ町	つるぎちょう	34.037307	134.064051
36489	東みよし町	ひがしみよしちょう	34.036555	133.937113
37201	高松市	たかまつし	34.342791	134.046574
37202	丸亀市	まるがめし	34.289887	133.797464
37203	坂出市	さかいでし	34.316517	133.860835
37204	善通寺市	ぜんつうじし	34.227808	133.787194
37205	観音寺市	かんおんじし	34.128094	133.662489
37206	さぬき市	さぬきし	34.32521	134.171989
37207	東かがわ市	ひがしかがわし	34.243714	134.35894
37208	三豊市	みとよし	34.182356	133.714597
37322	土庄町	とのしょうちょう	34.486101	134.185743
37324	小豆島町	しょうどしまちょう	34.482032	134.233548
37341	三木町	みきちょう	34.268332	134.134288
37364	直島町	なおしまちょう	34.460545	133.998284
37386	宇多津町	うたづちょう	34.310682	133.825775
37387	綾川町	あやがわちょう	34.249666	133.923058
37403	琴平町	ことひらちょう	34.19142	133.823303
37404	多度津町	たどつちょう	34.272474	133.753569
37406	まんのう町	まんのうちょう	34.192359	133.841379
38201	松山市	まつやまし	33.839694	132.765367
38202	今治市	いまばりし	34.066098	132.997866
38203	宇和島市	うわじまし	33.22334	132.560563
38204	八幡浜市	やわたはまし	33.462898	132.423334
38205	新居浜市	にいはまし	33.960267	133.282812
38206	西条市	さいじょうし	33.919511	133.181175
38207	大洲市	おおずし	33.506282	132.544525
38210	伊予市	いよし	33.757443	132.703724
38213	四国中央市	しこくちゅうおうし	33.980736	133.549167
38214	西予市	せいよし	33.363126	132.510806
38215	東温市	とうおんし	33.791027	132.872299
38356	上島町	かみじまちょう	34.257522	133.204518
38386	久万高原町	くまこうげんちょう	33.655603	132.901665
38401	松前町	まさきちょう	33.787479	132.711364
38402	砥部町	とべちょう	33.74926	132.792233
38422	内子町	うちこちょう	33.5339831	132.6567252
38442	伊方町	いかたちょう	33.488582	132.354012
38484	松野町	まつのちょう	33.227203	132.710774
38488	鬼北町	きほくちょう	33.255824	132.684079
38506	愛南町	あいなんちょう	32.96242	132.583877
39201	高知市	こうちし	33.558704	133.531281
39202	室戸市	むろとし	33.289982	134.152098
39203	安芸市	あきし	33.502555	133.907108
39204	南国市	なんこくし	33.575673	133.64146
39205	土佐市	とさし	33.49605	133.425297
39206	須崎市	すさきし	33.400745	133.282959
39208	宿毛市	すくもし	32.939014	132.726269
39209	土佐清水市	とさしみずし	32.7816	132.955095
39210	四万十市	しまんとし	32.99139	132.933824
39211	香南市	こうなんし	33.56419	133.700985
39212	香美市	かみし	33.603657	133.685889
39301	東洋町	とうようちょう	33.527945	134.279965
39302	奈半利町	なはりちょう	33.424156	134.020911
39303	田野町	たのちょう	33.4277131	134.0061176
39304	安田町	やすだちょう	33.438601	133.98108
39305	北川村	きたがわむら	33.447836	134.042053
39306	馬路村	うまじむら	33.555461	134.048494
39307	芸西村	げいせいむら	33.527037	133.809086
39341	本山町	もとやまちょう	33.757121	133.591415
39344	大豊町	おおとよちょう	33.764299	133.664289
39363	土佐町	とさちょう	33.737105	133.531741
39364	大川村	おおかわむら	33.784024	133.466625
39386	いの町	いのちょう	33.548728	133.427674
39387	仁淀川町	によどがわちょう	33.575226	133.168561
39401	中土佐町	なかとさちょう	33.327456	133.228297
39402	佐川町	さかわちょう	33.501136	133.286913
39403	越知町	おちちょう	33.532875	133.252174
39405	梼原町	ゆすはらちょう	33.392259	132.926984
39410	日高村	ひだかむら	33.534836	133.373342
39411	津野町	つのちょう	33.446666	133.199374
39412	四万十町	しまんとちょう	33.21177	133.13701
39424	大月町	おおつきちょう	32.841484	132.707034
39427	三原村	みはらむら	32.905879	132.847367
39428	黒潮町	くろしおちょう	33.024933	133.010928
40100	北九州市	きたきゅうしゅうし	33.88362	130.87458
40101	北九州市門司区	きたきゅうしゅうしもじく	33.941238	130.959546
40103	北九州市若松区	きたきゅうしゅうしわかまつく	33.905459	130.811299
40105	北九州市戸畑区	きたきゅうしゅうしとばたく	33.893508	130.829828
40106	北九州市小倉北区	きたきゅうしゅうしこくらきたく	33.88089	130.873361
40107	北九州市小倉南区	きたきゅうしゅうしこくらみなみく	33.846525	130.884808
40108	北九州市八幡東区	きたきゅうしゅうしやはたひがしく	33.863802	130.811905
40109	北九州市八幡西区	きたきゅうしゅうしやはたにしく	33.866376	130.764265
40130	福岡市	ふくおかし	33.590299	130.401682
40131	福岡市東区	ふくおかしひがしく	33.617749	130.417372
40132	福岡市博多区	ふくおかしはかたく	33.591535	130.414789
40133	福岡市中央区	ふくおかしちゅうおうく	33.589127	130.392727
40134	福岡市南区	ふくおかしみなみく	33.561561	130.426473
40135	福岡市西区	ふくおかしにしく	33.5829	130.322935
40136	福岡市城南区	ふくおかしじょうなんく	33.575678	130.369915
40137	福岡市早良区	ふくおかしさわらく	33.581944	130.348409
40202	大牟田市	おおむたし	33.030076	130.446257
40203	久留米市	くるめし	33.319287	130.508371
40204	直方市	のおがたし	33.744181	130.729652
40205	飯塚市	いいづかし	33.645741	130.691325
40206	田川市	たがわし	33.638713	130.806934
40207	柳川市	やながわし	33.163064	130.405739
40210	八女市	やめし	33.211981	130.557917
40211	筑後市	ちくごし	33.212328	130.502082
40212	大川市	おおかわし	33.206914	130.384035
40213	行橋市	ゆくはしし	33.728581	130.982409
40214	豊前市	ぶぜんし	33.611697	131.131218
40215	中間市	なかまし	33.817178	130.708908
40216	小郡市	おごおりし	33.396789	130.555513
40217	筑紫野市	ちくしのし	33.49612	130.515599
40218	春日市	かすがし	33.532563	130.471211
40219	大野城市	おおのじょうし	33.536002	130.478541
40220	宗像市	むなかたし	33.805537	130.540116
40221	太宰府市	だざいふし	33.512835	130.523876
40223	古賀市	こがし	33.728814	130.470004
40224	福津市	ふくつし	33.766897	130.491038
40225	うきは市	うきはし	33.347425	130.754084
40226	宮若市	みやわかし	33.723501	130.666477
40227	嘉麻市	かまし	33.563047	130.711087
40228	朝倉市	あさくらし	33.423651	130.665479
40229	みやま市	みやまし	33.152434	130.474734
40230	糸島市	いとしまし	33.557501	130.195205
40305	那珂川町	なかがわまち	33.499595	130.422157
40341	宇美町	うみまち	33.56752	130.511076
40342	篠栗町	ささぐりまち	33.623959	130.526212
40343	志免町	しめまち	33.591584	130.480196
40344	須恵町	すえまち	33.587229	130.506932
40345	新宮町	しんぐうまち	33.715534	130.446697
40348	久山町	ひさやままち	33.646728	130.499881
40349	粕屋町	かすやまち	33.611459	130.480412
40381	芦屋町	あしやまち	33.893837	130.663907
40382	水巻町	みずまきまち	33.85485	130.694783
40383	岡垣町	おかがきまち	33.853491	130.611749
40384	遠賀町	おんがちょう	33.848312	130.668438
40401	小竹町	こたけまち	33.69225	130.712935
40402	鞍手町	くらてまち	33.792218	130.673975
40421	桂川町	けいせんまち	33.578889	130.678118
40447	筑前町	ちくぜんまち	33.457196	130.595631
40448	東峰村	とうほうむら	33.397242	130.869701
40503	大刀洗町	たちあらいまち	33.372386	130.622516
40522	大木町	おおきまち	33.210469	130.440361
40544	広川町	ひろかわまち	33.241698	130.551147
40601	香春町	かわらまち	33.66798	130.847374
40602	添田町	そえだまち	33.571816	130.854088
40604	糸田町	いとだまち	33.652831	130.779114
40605	川崎町	かわさきまち	33.599956	130.814915
40608	大任町	おおとうまち	33.612164	130.853742
40609	赤村	あかむら	33.616692	130.870855
40610	福智町	ふくちまち	33.683206	130.780118
40621	苅田町	かんだまち	33.77606	130.980041
40625	みやこ町	みやこまち	33.699237	130.920096
40642	吉富町	よしとみまち	33.602643	131.175951
40646	上毛町	こうげまち	33.578808	131.164591
40647	築上町	ちくじょうまち	33.656146	131.05604
41201	佐賀市	さがし	33.263543	130.300835
41202	唐津市	からつし	33.449788	129.967909
41203	鳥栖市	とすし	33.377758	130.506244
41204	多久市	たくし	33.28851	130.110063
41205	伊万里市	いまりし	33.264741	129.880702
41206	武雄市	たけおし	33.193752	130.019151
41207	鹿島市	かしまし	33.104007	130.098094
41208	小城市	おぎし	33.273701	130.216836
41209	嬉野市	うれしのし	33.1281256	130.0579206
41210	神埼市	かんざきし	33.310732	130.373058
41327	吉野ヶ里町	よしのがりちょう	33.321148	130.398753
41341	基山町	きやまちょう	33.427877	130.524093
41345	上峰町	かみみねちょう	33.319634	130.425729
41346	みやき町	みやきちょう	33.324976	130.454646
41387	玄海町	げんかいちょう	33.472189	129.87469
41401	有田町	ありたちょう	33.210577	129.849012
41423	大町町	おおまちちょう	33.213759	130.1161
41424	江北町	こうほくまち	33.22064	130.157403
41425	白石町	しろいしちょう	33.181082	130.143493
41441	太良町	たらちょう	33.020291	130.180276
42201	長崎市	ながさきし	32.750311	129.877906
42202	佐世保市	させぼし	33.179954	129.715088
42203	島原市	しまばらし	32.788231	130.370514
42204	諫早市	いさはやし	32.843416	130.053648
42205	大村市	おおむらし	32.900068	129.957411
42207	平戸市	ひらどし	33.368065	129.553671
42208	松浦市	まつうらし	33.341026	129.709064
42209	対馬市	つしまし	34.202754	129.287504
42210	壱岐市	いきし	33.749928	129.691313
42211	五島市	ごとうし	32.695541	128.840815
42212	西海市	さいかいし	32.933359	129.643191
42213	雲仙市	うんぜんし	32.835217	130.187505
42214	南島原市	みなみしまばらし	32.659777	130.29785
42307	長与町	ながよちょう	32.8248	129.875181
42308	時津町	とぎつちょう	32.82883	129.848952
42321	東彼杵町	ひがしそのぎちょう	33.037192	129.917008
42322	川棚町	かわたなちょう	33.072679	129.861562
42323	波佐見町	はさみちょう	33.13789	129.895548
42383	小値賀町	おぢかちょう	33.191017	129.058833
42391	佐々町	さざちょう	33.238426	129.650353
42411	新上五島町	しんかみごとうちょう	32.984439	129.073357
43100	熊本市	くまもとし	32.8031	130.707858
43101	熊本市中央区	くまもとしちゅうおうく	32.8031	130.707858
43102	熊本市東区	くまもとしひがしく	32.78055	130.768083
43103	熊本市西区	くまもとしにしく	32.776335	130.647519
43104	熊本市南区	くまもとしみなみく	32.71536	130.678922
43105	熊本市北区	くまもとしきたく	32.90376	130.695411
43202	八代市	やつしろし	32.507426	130.601852
43203	人吉市	ひとよしし	32.210038	130.762554
43204	荒尾市	あらおし	32.986838	130.433036
43205	水俣市	みなまたし	32.211883	130.408725
43206	玉名市	たまなし	32.927524	130.560093
43208	山鹿市	やまがし	33.017581	130.691365
43210	菊池市	きくちし	32.980194	130.813283
43211	宇土市	うとし	32.687385	130.658938
43212	上天草市	かみあまくさし	32.587422	130.430405
43213	宇城市	うきし	32.646883	130.684065
43214	阿蘇市	あそし	32.951884	131.121042
43215	天草市	あまくさし	32.458521	130.193371
43216	合志市	こうしし	32.886007	130.78974
43348	美里町	みさとまち	32.639705	130.788801
43364	玉東町	ぎょくとうまち	32.918877	130.628213
43367	南関町	なんかんまち	33.061599	130.541126
43368	長洲町	ながすまち	32.929753	130.4527
43369	和水町	なごみまち	32.978111	130.605818
43403	大津町	おおづまち	32.87899	130.868284
43404	菊陽町	きくようまち	32.862515	130.828654
43423	南小国町	みなみおぐにまち	33.09831	131.070845
43424	小国町	おぐにまち	33.121582	131.068152
43425	産山村	うぶやまむら	32.995535	131.216773
43428	高森町	たかもりまち	32.827262	131.121905
43432	西原村	にしはらむら	32.834809	130.90301
43433	南阿蘇村	みなみあそむら	32.821885	131.031435
43441	御船町	みふねまち	32.714332	130.801783
43442	嘉島町	かしままち	32.740237	130.757345
43443	益城町	ましきまち	32.791397	130.816418
43444	甲佐町	こうさまち	32.651624	130.811357
43447	山都町	やまとちょう	32.685461	130.990463
43468	氷川町	ひかわちょう	32.582995	130.673734
43482	芦北町	あしきたまち	32.299102	130.493117
43484	津奈木町	つなぎまち	32.233953	130.44013
43501	錦町	にしきまち	32.201197	130.841123
43505	多良木町	たらぎまち	32.264392	130.936336
43506	湯前町	ゆのまえまち	32.2762844	130.978708
43507	水上村	みずかみむら	32.313545	131.008679
43510	相良村	さがらむら	32.235267	130.798092
43511	五木村	いつきむら	32.3976554	130.8260325
43512	山江村	やまえむら	32.246739	130.767139
43513	球磨村	くまむら	32.252278	130.650796
43514	あさぎり町	あさぎりちょう	32.240313	130.897813
43531	苓北町	れいほくまち	32.513526	130.055154
44201	大分市	おおいたし	33.239836	131.608531
44202	別府市	べっぷし	33.28437	131.491111
44203	中津市	なかつし	33.598221	131.188325
44204	日田市	ひたし	33.321041	130.94131
44205	佐伯市	さいきし	32.959806	131.900052
44206	臼杵市	うすきし	33.126012	131.805127
44207	津久見市	つくみし	33.072175	131.861005
44208	竹田市	たけたし	32.973187	131.398441
44209	豊後高田市	ぶんごたかだし	33.556977	131.44461
44210	杵築市	きつきし	33.417029	131.616089
44211	宇佐市	うさし	33.531972	131.349545
44212	豊後大野市	ぶんごおおのし	32.978483	131.584714
44213	由布市	ゆふし	33.179996	131.426808
44214	国東市	くにさきし	33.565305	131.731674
44322	姫島村	ひめしまむら	33.7245127	131.6431297
44341	日出町	ひじまち	33.369417	131.532557
44461	九重町	ここのえまち	33.228521	131.188797
44462	玖珠町	くすまち	33.283132	131.151553
45201	宮崎市	みやざきし	31.907676	131.420244
45202	都城市	みやこのじょうし	31.7194117	131.0600893
45203	延岡市	のべおかし	32.582286	131.66504
45204	日南市	にちなんし	31.601932	131.378731
45205	小林市	こばやしし	31.997048	130.973007
45206	日向市	ひゅうがし	32.422222	131.623604
45207	串間市	くしまし	31.464539	131.228306
45208	西都市	さいとし	32.108551	131.401278
45209	えびの市	えびのし	32.045347	130.810841
45341	三股町	みまたちょう	31.730686	131.12492
45361	高原町	たかはるちょう	31.928413	131.007873
45382	国富町	くにとみちょう	31.990646	131.323535
45383	綾町	あやちょう	31.998997	131.253646
45401	高鍋町	たかなべちょう	32.12799	131.503341
45402	新富町	しんとみちょう	32.068937	131.487984
45403	西米良村	にしめらそん	32.22621	131.154426
45404	木城町	きじょうちょう	32.163972	131.473503
45405	川南町	かわみなみちょう	32.191977	131.525842
45406	都農町	つのちょう	32.256435	131.55969
45421	門川町	かどがわちょう	32.469831	131.648345
45429	諸塚村	もろつかそん	32.512393	131.330416
45430	椎葉村	しいばそん	32.467517	131.158543
45431	美郷町	みさとちょう	32.4461682	131.4267451
45441	高千穂町	たかちほちょう	32.711723	131.307787
45442	日之影町	ひのかげちょう	32.653802	131.38814
45443	五ヶ瀬町	ごかせちょう	32.68295	131.196496
46201	鹿児島市	かごしまし	31.596545	130.557102
46203	鹿屋市	かのやし	31.37807	130.852522
46204	枕崎市	まくらざきし	31.27315	130.296966
46206	阿久根市	あくねし	32.013214	130.192754
46208	出水市	いずみし	32.090458	130.352647
46210	指宿市	いぶすきし	31.252915	130.632018
46213	西之表市	にしのおもてし	30.732434	130.997046
46214	垂水市	たるみずし	31.492704	130.701112
46215	薩摩川内市	さつませんだいし	31.813406	130.3045
46216	日置市	ひおきし	31.633709	130.402436
46217	曽於市	そおし	31.65361	131.019407
46218	霧島市	きりしまし	31.740821	130.763084
46219	いちき串木野市	いちきくしきのし	31.714542	130.271934
46220	南さつま市	みなみさつまし	31.416596	130.32331
46221	志布志市	しぶしし	31.496559	131.045194
46222	奄美市	あまみし	28.377273	129.49378
46223	南九州市	みなみきゅうしゅうし	31.378318	130.441659
46224	伊佐市	いさし	32.057195	130.613066
46225	姶良市	あいらし	31.728323	130.627638
46303	三島村	みしまむら	31.594504	130.560721
46304	十島村	としまむら	31.59316	130.560513
46392	さつま町	さつまちょう	31.905709	130.455662
46404	長島町	ながしまちょう	32.199391	130.176841
46452	湧水町	ゆうすいちょう	31.951686	130.721063
46468	大崎町	おおさきちょう	31.428734	131.005815
46482	東串良町	ひがしくしらちょう	31.385545	130.973478
46490	錦江町	きんこうちょう	31.243572	130.787615
46491	南大隅町	みなみおおすみちょう	31.217427	130.768309
46492	肝付町	きもつきちょう	31.344362	130.945223
46501	中種子町	なかたねちょう	30.53282	130.958803
46502	南種子町	みなみたねちょう	30.414049	130.900949
46505	屋久島町	やくしまちょう	30.371363	130.666429
46523	大和村	やまとそん	28.358031	129.395258
46524	宇検村	うけんそん	28.2807341	129.2949044
46525	瀬戸内町	せとうちちょう	28.146357	129.314871
46527	龍郷町	たつごうちょう	28.413303	129.589354
46529	喜界町	きかいちょう	28.317055	129.940065
46530	徳之島町	とくのしまちょう	27.726112	129.01853
46531	天城町	あまぎちょう	27.811793	128.897727
46532	伊仙町	いせんちょう	27.673392	128.937531
46533	和泊町	わどまりちょう	27.392307	128.655497
46534	知名町	ちなちょう	27.333634	128.573808
46535	与論町	よろんちょう	27.048607	128.415091
47201	那覇市	なはし	26.212296	127.679196
47205	宜野湾市	ぎのわんし	26.281861	127.778332
47207	石垣市	いしがきし	24.340669	124.155522
47208	浦添市	うらそえし	26.245875	127.721865
47209	名護市	なごし	26.591555	127.977475
47210	糸満市	いとまんし	26.123431	127.665226
47211	沖縄市	おきなわし	26.334354	127.805694
47212	豊見城市	とみぐすくし	26.161026	127.668883
47213	うるま市	うるまし	26.379151	127.85748
47214	宮古島市	みやこじまし	24.805468	125.281099
47215	南城市	なんじょうし	26.144463	127.766864
47301	国頭村	くにがみそん	26.745638	128.177907
47302	大宜味村	おおぎみそん	26.701902	128.119836
47303	東村	ひがしそん	26.632973	128.156095
47306	今帰仁村	なきじんそん	26.68253	127.972741
47308	本部町	もとぶちょう	26.657596	127.897831
47311	恩納村	おんなそん	26.49748	127.853643
47313	宜野座村	ぎのざそん	26.481695	127.975628
47314	金武町	きんちょう	26.456137	127.926011
47315	伊江村	いえそん	26.713491	127.807017
47324	読谷村	よみたんそん	26.396172	127.74523
47325	嘉手納町	かでなちょう	26.36122	127.75498
47326	北谷町	ちゃたんちょう	26.320069	127.763901
47327	北中城村	きたなかぐすくそん	26.30084	127.793238
47328	中城村	なかぐすくそん	26.267035	127.790859
47329	西原町	にしはらちょう	26.222628	127.758755
47348	与那原町	よなばるちょう	26.199588	127.754779
47350	南風原町	はえばるちょう	26.191122	127.728554
47353	渡嘉敷村	とかしきそん	26.197268	127.364264
47354	座間味村	ざまみそん	26.228878	127.303123
47355	粟国村	あぐにそん	26.582361	127.22719
47356	渡名喜村	となきそん	26.3720911	127.1388339
47357	南大東村	みなみだいとうそん	25.828626	131.232635
47358	北大東村	きただいとうそん	25.945951	131.298944
47359	伊平屋村	いへやそん	27.039046	127.968674
47360	伊是名村	いぜなそん	26.928502	127.941051
47361	久米島町	くめじまちょう	26.340563	126.805019
47362	八重瀬町	やえせちょう	26.121875	127.742675
47375	多良間村	たらまそん	24.669449	124.701693
47381	竹富町	たけとみちょう	24.340002	124.154683
47382	与那国町	よなぐにちょう	24.467957	123.004451
